Timestamp,User Count,Type,Name,Requests/s,Failures/s,50%,66%,75%,80%,90%,95%,98%,99%,99.9%,99.99%,100%,Total Request Count,Total Failure Count,Total Median Response Time,Total Average Response Time,Total Min Response Time,Total Max Response Time,Total Average Content Size
1783598077,0,,Aggregated,0.000000,0.000000,N/A,N/A,N/A,N/A,N/A,N/A,N/A,N/A,N/A,N/A,N/A,0,0,0,0.0,0,0,0
1783598078,5,,Aggregated,0.000000,0.000000,110,160,180,190,240,240,240,240,240,240,240,10,0,3,88.13996339995356,1.099098997656256,238.6359709998942,156.1
1783598079,5,,Aggregated,0.000000,0.000000,110,160,180,190,240,240,240,240,240,240,240,10,0,3,88.13996339995356,1.099098997656256,238.6359709998942,156.1
1783598080,5,,Aggregated,10.000000,0.000000,5,110,180,180,190,240,240,240,240,240,240,12,0,3,74.1337175835118,1.099098997656256,238.6359709998942,152.08333333333334
1783598081,5,,Aggregated,5.000000,0.000000,3,110,160,180,190,240,240,240,240,240,240,14,0,3,63.998363000012304,1.099098997656256,238.6359709998942,149.21428571428572
1783598082,5,,Aggregated,3.666667,0.000000,3,5,160,180,190,240,240,240,240,240,240,15,0,3,59.958473133156076,1.099098997656256,238.6359709998942,148.06666666666666
1783598083,5,,Aggregated,3.666667,0.000000,3,5,160,180,190,240,240,240,240,240,240,15,0,3,59.958473133156076,1.099098997656256,238.6359709998942,148.06666666666666
1783598084,5,,Aggregated,2.800000,0.000000,3,4,110,160,190,240,240,240,240,240,240,18,0,3,50.55714977788739,1.099098997656256,238.6359709998942,145.38888888888889
1783598085,5,,Aggregated,2.800000,0.000000,3,4,110,160,190,240,240,240,240,240,240,18,0,3,50.55714977788739,1.099098997656256,238.6359709998942,145.38888888888889
1783598086,5,,Aggregated,2.500000,0.000000,3,4,110,160,190,240,240,240,240,240,240,19,0,3,48.07437515793074,1.099098997656256,238.6359709998942,144.68421052631578
1783598087,5,,Aggregated,2.250000,0.000000,3,4,5,110,180,190,240,240,240,240,240,21,0,3,43.8395603334703,1.099098997656256,238.6359709998942,143.47619047619048
1783598088,5,,Aggregated,2.111111,0.000000,3,4,5,110,180,190,240,240,240,240,240,23,0,3,40.28420356553397,1.099098997656256,238.6359709998942,142.47826086956522
1783598089,5,,Aggregated,2.111111,0.000000,3,4,5,110,180,190,240,240,240,240,240,24,0,3,38.731371458652575,1.099098997656256,238.6359709998942,142.04166666666666
1783598090,5,,Aggregated,1.200000,0.000000,3,4,4,110,180,190,240,240,240,240,240,25,0,3,37.30245320039103,1.099098997656256,238.6359709998942,141.64
1783598091,5,,Aggregated,1.200000,0.000000,3,4,4,5,180,190,240,240,240,240,240,26,0,3,36.00109800040977,1.099098997656256,238.6359709998942,141.26923076923077
1783598092,5,,Aggregated,1.300000,0.000000,3,3,4,5,180,190,240,240,240,240,240,27,0,3,34.762854963278016,1.099098997656256,238.6359709998942,140.92592592592592
1783598093,5,,Aggregated,1.300000,0.000000,3,4,5,6,160,190,240,240,240,240,240,31,0,3,30.882755742265633,1.099098997656256,238.6359709998942,139.7741935483871
1783598094,5,,Aggregated,1.300000,0.000000,3,4,5,6,160,190,240,240,240,240,240,31,0,3,30.882755742265633,1.099098997656256,238.6359709998942,139.7741935483871
1783598095,5,,Aggregated,1.400000,0.000000,3,4,5,6,160,190,240,240,240,240,240,32,0,3,29.998373781495502,1.099098997656256,238.6359709998942,139.53125
1783598096,5,,Aggregated,1.400000,0.000000,3,4,5,6,160,190,240,240,240,240,240,32,0,3,29.998373781495502,1.099098997656256,238.6359709998942,139.53125
1783598097,5,,Aggregated,1.500000,0.000000,3,3,4,6,160,190,240,240,240,240,240,34,0,3,28.41372291197117,1.099098997656256,238.6359709998942,139.08823529411765
1783598098,5,,Aggregated,1.300000,0.000000,3,3,4,5,160,190,240,240,240,240,240,36,0,3,27.00504930574728,1.099098997656256,238.6359709998942,138.69444444444446
1783598099,5,,Aggregated,1.300000,0.000000,3,3,4,5,160,190,240,240,240,240,240,36,0,3,27.00504930574728,1.099098997656256,238.6359709998942,138.69444444444446
1783598100,5,,Aggregated,1.300000,0.000000,3,3,4,5,160,190,240,240,240,240,240,39,0,3,25.139576077214233,1.099098997656256,238.6359709998942,138.17948717948718
1783598101,5,,Aggregated,1.300000,0.000000,3,3,4,5,160,190,240,240,240,240,240,40,0,3,24.584881375267287,1.099098997656256,238.6359709998942,138.025
1783598102,5,,Aggregated,1.300000,0.000000,3,3,4,5,160,190,240,240,240,240,240,40,0,3,24.584881375267287,1.099098997656256,238.6359709998942,138.025
1783598103,5,,Aggregated,1.400000,0.000000,3,3,4,4,110,180,240,240,240,240,240,43,0,3,23.08626216311728,1.099098997656256,238.6359709998942,137.6046511627907
1783598104,5,,Aggregated,1.400000,0.000000,3,3,4,4,110,180,240,240,240,240,240,44,0,3,22.625507432084387,1.099098997656256,238.6359709998942,137.47727272727272
1783598105,5,,Aggregated,1.200000,0.000000,3,3,4,4,110,180,240,240,240,240,240,46,0,3,21.75978469589925,1.099098997656256,238.6359709998942,137.2391304347826
1783598106,5,,Aggregated,1.300000,0.000000,3,3,4,4,110,180,240,240,240,240,240,47,0,3,21.35809476625427,1.099098997656256,238.6359709998942,137.12765957446808
1783598107,5,,Aggregated,1.300000,0.000000,3,3,4,4,110,180,240,240,240,240,240,47,0,3,21.35809476625427,1.099098997656256,238.6359709998942,137.12765957446808
1783598108,5,,Aggregated,1.400000,0.000000,3,3,4,4,110,180,240,240,240,240,240,50,0,3,20.298600520400214,1.099098997656256,238.6359709998942,136.82
1783598109,5,,Aggregated,1.400000,0.000000,3,3,4,4,7,180,190,240,240,240,240,51,0,3,19.95757568668113,1.099098997656256,238.6359709998942,136.72549019607843
1783598110,5,,Aggregated,1.400000,0.000000,3,3,4,4,7,180,190,240,240,240,240,52,0,3,19.636595000450214,1.099098997656256,238.6359709998942,136.6346153846154
1783598111,5,,Aggregated,1.400000,0.000000,3,3,4,4,7,180,190,240,240,240,240,52,0,3,19.636595000450214,1.099098997656256,238.6359709998942,136.6346153846154
1783598112,5,,Aggregated,1.500000,0.000000,3,3,4,4,7,180,190,240,240,240,240,55,0,3,18.761749727656767,1.099098997656256,238.6359709998942,136.38181818181818
1783598113,5,,Aggregated,1.500000,0.000000,3,3,4,4,7,180,190,240,240,240,240,56,0,3,18.473065661055443,1.099098997656256,238.6359709998942,136.30357142857142
1783598114,5,,Aggregated,1.400000,0.000000,3,3,4,4,7,180,190,240,240,240,240,58,0,3,17.942524793460475,1.099098997656256,238.6359709998942,136.1551724137931
1783598115,5,,Aggregated,1.400000,0.000000,3,3,4,4,7,180,190,240,240,240,240,58,0,3,17.942524793460475,1.099098997656256,238.6359709998942,136.1551724137931
1783598116,5,,Aggregated,1.500000,0.000000,3,3,4,4,7,180,190,240,240,240,240,60,0,3,17.43549278368543,1.099098997656256,238.6359709998942,136.01666666666668
1783598117,5,,Aggregated,1.400000,0.000000,3,3,3,4,6,160,190,240,240,240,240,62,0,3,16.968970403585473,1.099098997656256,238.6359709998942,135.88709677419354
1783598118,5,,Aggregated,1.400000,0.000000,3,3,3,4,6,160,190,240,240,240,240,62,0,3,16.968970403585473,1.099098997656256,238.6359709998942,135.88709677419354
1783598119,5,,Aggregated,1.400000,0.000000,3,3,3,4,6,160,190,240,240,240,240,65,0,3,16.319815477226467,1.099098997656256,238.6359709998942,135.7076923076923
1783598120,5,,Aggregated,1.400000,0.000000,3,3,3,4,6,160,190,240,240,240,240,65,0,3,16.319815477226467,1.099098997656256,238.6359709998942,135.7076923076923
1783598121,5,,Aggregated,1.400000,0.000000,3,3,3,4,6,160,190,240,240,240,240,66,0,3,16.113497469963146,1.099098997656256,238.6359709998942,135.65151515151516
1783598122,5,,Aggregated,1.400000,0.000000,3,3,3,4,6,160,190,240,240,240,240,69,0,3,15.540124319027266,1.099098997656256,238.6359709998942,135.4927536231884
1783598123,5,,Aggregated,1.300000,0.000000,3,3,3,4,6,160,190,240,240,240,240,70,0,3,15.360613157307464,1.099098997656256,238.6359709998942,135.44285714285715
1783598124,5,,Aggregated,1.400000,0.000000,3,3,3,4,5,160,190,240,240,240,240,71,0,3,15.185914831151972,1.099098997656256,238.6359709998942,135.3943661971831
1783598125,5,,Aggregated,1.300000,0.000000,3,3,3,4,5,160,190,240,240,240,240,73,0,3,14.843679794703597,1.099098997656256,238.6359709998942,135.3013698630137
1783598126,5,,Aggregated,1.300000,0.000000,3,3,3,4,5,160,190,240,240,240,240,75,0,3,14.518086306828385,1.099098997656256,238.6359709998942,135.21333333333334
1783598127,5,,Aggregated,1.400000,0.000000,3,3,3,3,5,160,190,240,240,240,240,76,0,3,14.361043605420395,1.099098997656256,238.6359709998942,135.17105263157896
1783598128,5,,Aggregated,1.500000,0.000000,3,3,3,3,5,160,190,240,240,240,240,78,0,3,14.070073256544465,1.099098997656256,238.6359709998942,135.0897435897436
1783598129,5,,Aggregated,1.400000,0.000000,3,3,3,4,5,160,190,240,240,240,240,80,0,3,13.814740037605588,1.099098997656256,238.6359709998942,135.0125
1783598130,5,,Aggregated,1.400000,0.000000,3,3,3,3,5,110,190,240,240,240,240,81,0,3,13.682888580346408,1.099098997656256,238.6359709998942,134.97530864197532
1783598131,5,,Aggregated,1.500000,0.000000,3,3,3,3,5,110,190,240,240,240,240,82,0,3,13.555799304967655,1.099098997656256,238.6359709998942,134.9390243902439
1783598132,5,,Aggregated,1.300000,0.000000,3,3,3,3,5,110,190,240,240,240,240,83,0,3,13.426438012109166,1.099098997656256,238.6359709998942,134.90361445783134
1783598133,5,,Aggregated,1.600000,0.000000,3,3,3,3,5,110,190,240,240,240,240,85,0,3,13.183597164735307,1.099098997656256,238.6359709998942,134.83529411764707
1783598134,5,,Aggregated,1.500000,0.000000,3,3,3,3,5,110,190,240,240,240,240,87,0,3,12.948121149475947,1.099098997656256,238.6359709998942,134.77011494252875
1783598135,5,,Aggregated,1.600000,0.000000,3,3,3,3,5,110,190,240,240,240,240,88,0,3,12.88206397732045,1.099098997656256,238.6359709998942,134.73863636363637
1783598136,5,,Aggregated,1.600000,0.000000,3,3,3,3,5,110,190,240,240,240,240,91,0,3,12.541758087956204,1.099098997656256,238.6359709998942,134.64835164835165
1783598137,5,,Aggregated,1.600000,0.000000,3,3,3,3,5,110,190,240,240,240,240,91,0,3,12.541758087956204,1.099098997656256,238.6359709998942,134.64835164835165
1783598138,10,,Aggregated,1.300000,0.000000,3,3,3,4,7,83,180,190,240,240,240,103,0,3,14.405327728189114,1.099098997656256,238.6359709998942,136.6990291262136
1783598139,10,,Aggregated,1.600000,0.000000,3,3,3,4,7,83,180,190,240,240,240,105,0,3,14.192007800045845,1.099098997656256,238.6359709998942,136.6095238095238
1783598140,10,,Aggregated,1.600000,0.000000,3,3,3,4,7,83,180,190,240,240,240,106,0,3,14.083136537765485,1.099098997656256,238.6359709998942,136.56603773584905
1783598141,10,,Aggregated,2.600000,0.000000,3,3,3,4,7,83,180,190,240,240,240,111,0,3,13.575904918947312,1.099098997656256,238.6359709998942,136.36036036036037
1783598142,10,,Aggregated,2.500000,0.000000,3,3,3,4,7,83,180,190,240,240,240,115,0,3,13.262498165220123,1.099098997656256,238.6359709998942,136.2086956521739
1783598143,10,,Aggregated,2.500000,0.000000,3,3,3,4,7,83,180,190,240,240,240,117,0,3,13.104997076911047,1.099098997656256,238.6359709998942,136.13675213675214
1783598144,10,,Aggregated,2.500000,0.000000,3,3,3,4,7,83,180,190,240,240,240,120,0,3,12.84619020837757,1.099098997656256,238.6359709998942,136.03333333333333
1783598145,10,,Aggregated,3.100000,0.000000,3,3,3,4,7,72,180,190,240,240,240,123,0,3,12.603369528541059,1.099098997656256,238.6359709998942,135.9349593495935
1783598146,10,,Aggregated,3.400000,0.000000,3,3,3,4,7,72,180,190,240,240,240,125,0,3,12.445606656081509,1.099098997656256,238.6359709998942,135.872
1783598147,10,,Aggregated,3.500000,0.000000,3,3,3,4,7,72,180,190,240,240,240,128,0,3,12.227808796950512,1.099098997656256,238.6359709998942,135.78125
1783598148,10,,Aggregated,3.600000,0.000000,3,3,3,4,7,72,180,190,240,240,240,130,0,3,12.087119707771658,1.099098997656256,238.6359709998942,135.72307692307692
1783598149,10,,Aggregated,3.500000,0.000000,3,3,3,4,6,72,180,190,240,240,240,134,0,3,11.81669871652618,1.099098997656256,238.6359709998942,135.61194029850745
1783598150,10,,Aggregated,3.500000,0.000000,3,3,3,3,6,72,180,190,240,240,240,136,0,3,11.689211132440558,1.099098997656256,238.6359709998942,135.55882352941177
1783598151,10,,Aggregated,2.800000,0.000000,3,3,3,3,6,72,180,190,240,240,240,138,0,3,11.563197021831106,1.099098997656256,238.6359709998942,135.5072463768116
1783598152,10,,Aggregated,3.000000,0.000000,3,3,3,3,6,61,180,190,240,240,240,142,0,3,11.318409535306273,1.099098997656256,238.6359709998942,135.40845070422534
1783598153,10,,Aggregated,2.900000,0.000000,3,3,3,3,6,61,180,190,240,240,240,145,0,3,11.143817420816049,1.099098997656256,238.6359709998942,135.33793103448275
1783598154,10,,Aggregated,2.700000,0.000000,3,3,3,3,6,61,180,190,240,240,240,148,0,3,10.978937952819939,1.099098997656256,238.6359709998942,135.27027027027026
1783598155,10,,Aggregated,2.700000,0.000000,3,3,3,3,5,61,160,190,240,240,240,152,0,3,10.760813375159877,1.099098997656256,238.6359709998942,135.18421052631578
1783598156,10,,Aggregated,2.700000,0.000000,3,3,3,3,5,61,160,190,240,240,240,153,0,3,10.708988320426347,1.099098997656256,238.6359709998942,135.16339869281046
1783598157,10,,Aggregated,2.900000,0.000000,3,3,3,3,5,61,160,190,240,240,240,156,0,3,10.554980948887906,1.099098997656256,238.6359709998942,135.10256410256412
1783598158,10,,Aggregated,2.900000,0.000000,3,3,3,3,5,60,160,190,240,240,240,163,0,3,10.226637227213448,1.099098997656256,238.6359709998942,134.96932515337423
1783598159,10,,Aggregated,2.900000,0.000000,3,3,3,3,5,60,160,190,240,240,240,163,0,3,10.226637227213448,1.099098997656256,238.6359709998942,134.96932515337423
1783598160,10,,Aggregated,2.800000,0.000000,3,3,3,3,5,60,160,190,240,240,240,164,0,3,10.186584707542618,1.099098997656256,238.6359709998942,134.9512195121951
1783598161,10,,Aggregated,3.100000,0.000000,3,3,3,3,5,60,160,190,240,240,240,166,0,3,10.09876824116281,1.099098997656256,238.6359709998942,134.9156626506024
1783598162,10,,Aggregated,2.800000,0.000000,3,3,3,3,5,60,160,190,240,240,240,172,0,3,9.84042695950467,1.099098997656256,238.6359709998942,134.8139534883721
1783598163,10,,Aggregated,2.900000,0.000000,3,3,3,3,5,60,160,190,240,240,240,173,0,3,9.79933613313465,1.099098997656256,238.6359709998942,134.79768786127167
1783598164,10,,Aggregated,3.000000,0.000000,3,3,3,3,5,60,160,190,240,240,240,176,0,3,9.684305324071829,1.099098997656256,238.6359709998942,134.75
1783598165,10,,Aggregated,2.900000,0.000000,3,3,3,3,5,60,160,190,240,240,240,178,0,3,9.625547224919153,1.099098997656256,238.6359709998942,134.7191011235955
1783598166,10,,Aggregated,2.600000,0.000000,3,3,3,3,5,49,160,190,240,240,240,182,0,3,9.475895071623349,1.099098997656256,238.6359709998942,134.65934065934067
1783598167,10,,Aggregated,2.600000,0.000000,3,3,3,3,5,49,160,190,240,240,240,185,0,3,9.364243670456375,1.099098997656256,238.6359709998942,134.61621621621623
1783598168,10,,Aggregated,2.600000,0.000000,3,3,3,3,5,49,160,190,240,240,240,189,0,3,9.231054555726663,1.099098997656256,238.6359709998942,134.56084656084656
1783598169,10,,Aggregated,2.900000,0.000000,3,3,3,3,5,49,160,190,240,240,240,191,0,3,9.167292225304125,1.099098997656256,238.6359709998942,134.53403141361255
1783598170,10,,Aggregated,2.800000,0.000000,3,3,3,3,5,49,160,190,240,240,240,193,0,3,9.101019404323228,1.099098997656256,238.6359709998942,134.50777202072538
1783598171,10,,Aggregated,2.600000,0.000000,3,3,3,3,5,49,160,190,240,240,240,198,0,3,8.945749555711489,1.099098997656256,238.6359709998942,134.44444444444446
1783598172,10,,Aggregated,2.700000,0.000000,3,3,3,3,4,8,110,180,240,240,240,201,0,3,8.855497383235129,1.099098997656256,238.6359709998942,134.40796019900498
1783598173,10,,Aggregated,2.900000,0.000000,3,3,3,3,5,8,110,180,240,240,240,203,0,3,8.81169126122465,1.099098997656256,238.6359709998942,134.38423645320196
1783598174,10,,Aggregated,2.900000,0.000000,3,3,3,3,5,8,110,180,240,240,240,205,0,3,8.7532746245149,1.099098997656256,238.6359709998942,134.3609756097561
1783598175,10,,Aggregated,2.900000,0.000000,3,3,3,3,5,8,110,180,240,240,240,207,0,3,8.695090946978732,1.099098997656256,238.6359709998942,134.33816425120773
1783598176,10,,Aggregated,3.100000,0.000000,3,3,3,3,4,8,110,180,240,240,240,212,0,3,8.556323872790875,1.099098997656256,238.6359709998942,134.28301886792454
1783598177,10,,Aggregated,2.800000,0.000000,3,3,3,3,5,8,110,180,240,240,240,214,0,3,8.514897570251454,1.099098997656256,238.6359709998942,134.26168224299064
1783598178,10,,Aggregated,2.800000,0.000000,3,3,3,3,5,8,110,180,240,240,240,216,0,3,8.465188810347442,1.099098997656256,238.6359709998942,134.24074074074073
1783598179,10,,Aggregated,3.000000,0.000000,3,3,3,3,5,8,110,180,240,240,240,217,0,3,8.438769751315569,1.099098997656256,238.6359709998942,134.23041474654377
1783598180,10,,Aggregated,2.900000,0.000000,3,3,3,3,4,7,110,180,240,240,240,223,0,3,8.291967991175575,1.099098997656256,238.6359709998942,134.17040358744396
1783598181,10,,Aggregated,2.900000,0.000000,3,3,3,3,5,7,110,180,240,240,240,225,0,3,8.249206071260334,1.099098997656256,238.6359709998942,134.1511111111111
1783598182,10,,Aggregated,2.700000,0.000000,3,3,3,3,5,7,110,180,240,240,240,227,0,3,8.204800925249108,1.099098997656256,238.6359709998942,134.13215859030836
1783598183,10,,Aggregated,2.700000,0.000000,3,3,3,3,5,7,110,180,240,240,240,227,0,3,8.204800925249108,1.099098997656256,238.6359709998942,134.13215859030836
1783598184,10,,Aggregated,2.800000,0.000000,3,3,3,3,4,7,110,180,240,240,240,233,0,3,8.068255395008338,1.099098997656256,238.6359709998942,134.07725321888412
1783598185,10,,Aggregated,2.600000,0.000000,3,3,3,3,4,7,110,180,240,240,240,235,0,3,8.022717366111465,1.099098997656256,238.6359709998942,134.05957446808512
1783598186,10,,Aggregated,2.700000,0.000000,3,3,3,3,4,7,110,180,240,240,240,239,0,3,7.937644226102706,1.099098997656256,238.6359709998942,134.02510460251045
1783598187,10,,Aggregated,2.700000,0.000000,3,3,3,3,4,7,110,180,240,240,240,241,0,3,7.895632211794121,1.099098997656256,238.6359709998942,134.00829875518673
1783598188,10,,Aggregated,2.800000,0.000000,3,3,3,3,4,7,110,180,240,240,240,244,0,3,7.8323705370539605,1.099098997656256,238.6359709998942,133.98360655737704
1783598189,10,,Aggregated,2.800000,0.000000,3,3,3,3,4,7,110,180,240,240,240,248,0,3,7.756689431634215,1.099098997656256,238.6359709998942,133.9516129032258
1783598190,10,,Aggregated,2.800000,0.000000,3,3,3,3,4,7,110,180,240,240,240,248,0,3,7.756689431634215,1.099098997656256,238.6359709998942,133.9516129032258
1783598191,10,,Aggregated,3.000000,0.000000,3,3,3,3,4,7,83,180,240,240,240,253,0,3,7.654395604950975,1.099098997656256,238.6359709998942,133.91304347826087
1783598192,10,,Aggregated,2.700000,0.000000,3,3,3,3,4,7,83,180,240,240,240,255,0,3,7.617553019814545,1.099098997656256,238.6359709998942,133.89803921568628
1783598193,10,,Aggregated,2.700000,0.000000,3,3,3,3,4,7,83,180,240,240,240,258,0,3,7.560801151376209,1.099098997656256,238.6359709998942,133.87596899224806
1783598194,10,,Aggregated,2.700000,0.000000,3,3,3,3,4,7,83,180,240,240,240,263,0,3,7.465658068666106,1.099098997656256,238.6359709998942,133.8403041825095
1783598195,10,,Aggregated,3.000000,0.000000,3,3,3,3,4,7,83,180,240,240,240,264,0,3,7.448600693406303,1.099098997656256,238.6359709998942,133.83333333333334
1783598196,10,,Aggregated,3.100000,0.000000,3,3,3,3,4,7,83,180,240,240,240,267,0,3,7.394919198730499,1.099098997656256,238.6359709998942,133.81273408239701
1783598197,10,,Aggregated,2.900000,0.000000,3,3,3,3,4,7,83,180,240,240,240,270,0,3,7.344806459473653,1.099098997656256,238.6359709998942,133.7925925925926
1783598198,15,,Aggregated,2.800000,0.000000,3,3,3,3,4,49,110,180,240,240,240,282,0,3,8.354534471823655,1.099098997656256,238.6359709998942,134.60638297872342
1783598199,15,,Aggregated,2.700000,0.000000,3,3,3,3,5,49,110,180,240,240,240,284,0,3,8.359280172735964,1.099098997656256,238.6359709998942,134.58802816901408
1783598200,15,,Aggregated,3.700000,0.000000,3,3,3,3,5,49,110,180,240,240,240,290,0,3,8.286942210543202,1.099098997656256,238.6359709998942,134.5344827586207
1783598201,15,,Aggregated,3.700000,0.000000,3,3,3,3,5,49,110,180,240,240,240,294,0,3,8.223524721282722,1.099098997656256,238.6359709998942,134.5
1783598202,15,,Aggregated,3.700000,0.000000,3,3,3,3,5,49,110,180,240,240,240,296,0,3,8.275274179263883,1.099098997656256,238.6359709998942,134.4831081081081
1783598203,15,,Aggregated,4.100000,0.000000,3,3,3,3,6,17,83,160,240,240,240,301,0,3,8.263689777599199,1.099098997656256,238.6359709998942,134.4418604651163
1783598204,15,,Aggregated,4.100000,0.000000,3,3,3,4,6,17,83,160,240,240,240,308,0,3,8.177378058651623,1.099098997656256,238.6359709998942,134.38636363636363
1783598205,15,,Aggregated,4.300000,0.000000,3,3,3,4,6,17,83,160,240,240,240,311,0,3,8.124701611140303,1.099098997656256,238.6359709998942,134.36334405144694
1783598206,15,,Aggregated,4.200000,0.000000,3,3,3,4,6,17,83,160,240,240,240,314,0,3,8.07510379956604,1.099098997656256,238.6359709998942,134.34076433121018
1783598207,15,,Aggregated,4.700000,0.000000,3,3,3,3,6,17,83,160,240,240,240,317,0,3,8.025968429218054,1.099098997656256,238.6359709998942,134.3186119873817
1783598208,15,,Aggregated,4.700000,0.000000,3,3,3,4,5,17,83,160,240,240,240,323,0,3,7.940116820638605,1.099098997656256,238.6359709998942,134.27554179566565
1783598209,15,,Aggregated,4.700000,0.000000,3,3,3,4,5,17,83,160,240,240,240,327,0,3,7.882983180647912,1.099098997656256,238.6359709998942,134.24770642201835
1783598210,15,,Aggregated,4.700000,0.000000,3,3,3,4,5,17,83,160,240,240,240,329,0,3,7.855539681076509,1.099098997656256,238.6359709998942,134.2340425531915
1783598211,15,,Aggregated,4.100000,0.000000,3,3,3,4,5,17,83,160,240,240,240,332,0,3,7.809979714079692,1.099098997656256,238.6359709998942,134.21385542168676
1783598212,15,,Aggregated,4.400000,0.000000,3,3,3,4,5,17,83,160,240,240,240,339,0,3,7.710792820273616,1.099098997656256,238.6359709998942,134.16814159292036
1783598213,15,,Aggregated,3.700000,0.000000,3,3,3,4,5,15,83,160,240,240,240,343,0,3,7.654695731998641,1.099098997656256,238.6359709998942,134.14285714285714
1783598214,15,,Aggregated,4.000000,0.000000,3,3,3,4,5,15,83,160,240,240,240,350,0,3,7.565527651635681,1.099098997656256,238.6359709998942,134.1
1783598215,15,,Aggregated,4.000000,0.000000,3,3,3,4,5,15,77,160,240,240,240,353,0,3,7.524151861397701,1.099098997656256,238.6359709998942,134.08215297450425
1783598216,15,,Aggregated,4.000000,0.000000,3,3,3,3,5,15,77,160,240,240,240,356,0,3,7.486034278300711,1.099098997656256,238.6359709998942,134.06460674157304
1783598217,15,,Aggregated,4.100000,0.000000,3,3,3,4,5,12,77,160,240,240,240,361,0,3,7.442893922648043,1.099098997656256,238.6359709998942,134.0360110803324
1783598218,15,,Aggregated,4.400000,0.000000,3,3,3,4,5,12,77,160,240,240,240,366,0,3,7.381396363583559,1.099098997656256,238.6359709998942,134.00819672131146
1783598219,15,,Aggregated,4.400000,0.000000,3,3,3,4,5,12,77,160,240,240,240,370,0,3,7.3319885650562355,1.099098997656256,238.6359709998942,133.98648648648648
1783598220,15,,Aggregated,4.400000,0.000000,3,3,3,4,5,12,77,160,240,240,240,373,0,3,7.299873423795391,1.099098997656256,238.6359709998942,133.97050938337802
1783598221,15,,Aggregated,4.400000,0.000000,3,3,3,3,5,12,77,160,240,240,240,379,0,3,7.22620264662325,1.099098997656256,238.6359709998942,133.93931398416888
1783598222,15,,Aggregated,4.200000,0.000000,3,3,3,3,5,10,77,160,240,240,240,383,0,3,7.184564201224337,1.099098997656256,238.6359709998942,133.91906005221932
1783598223,15,,Aggregated,4.700000,0.000000,3,3,3,3,5,10,77,160,240,240,240,386,0,3,7.154569627115156,1.099098997656256,238.6359709998942,133.90414507772022
1783598224,15,,Aggregated,4.400000,0.000000,3,3,3,3,5,10,77,160,240,240,240,393,0,3,7.076059903472359,1.099098997656256,238.6359709998942,133.87022900763358
1783598225,15,,Aggregated,4.400000,0.000000,3,3,3,3,5,10,77,160,240,240,240,396,0,3,7.044665694611651,1.099098997656256,238.6359709998942,133.8560606060606
1783598226,15,,Aggregated,4.000000,0.000000,3,3,3,3,5,10,77,160,240,240,240,400,0,3,7.002440167661916,1.099098997656256,238.6359709998942,133.8375
1783598227,15,,Aggregated,4.300000,0.000000,3,3,3,3,5,8,72,110,240,240,240,403,0,3,6.97149594308655,1.099098997656256,238.6359709998942,133.82382133995037
1783598228,15,,Aggregated,4.000000,0.000000,3,3,3,3,5,8,72,110,240,240,240,409,0,3,6.911307621181474,1.099098997656256,238.6359709998942,133.79706601466992
1783598229,15,,Aggregated,4.300000,0.000000,3,3,3,3,5,8,72,110,240,240,240,414,0,3,6.863183106444728,1.099098997656256,238.6359709998942,133.7753623188406
1783598230,15,,Aggregated,4.400000,0.000000,3,3,3,3,5,8,72,110,240,240,240,419,0,3,6.819615358167463,1.099098997656256,238.6359709998942,133.75417661097853
1783598231,15,,Aggregated,4.300000,0.000000,3,3,3,3,5,8,72,110,240,240,240,424,0,3,6.772234247801982,1.099098997656256,238.6359709998942,133.73349056603774
1783598232,15,,Aggregated,4.400000,0.000000,3,3,3,3,5,8,72,110,240,240,240,428,0,3,6.732906794563988,1.099098997656256,238.6359709998942,133.71728971962617
1783598233,15,,Aggregated,4.400000,0.000000,3,3,3,3,5,8,72,110,240,240,240,430,0,3,6.714670039709322,1.099098997656256,238.6359709998942,133.7093023255814
1783598234,15,,Aggregated,4.800000,0.000000,3,3,3,3,5,8,72,110,240,240,240,436,0,3,6.663530218064047,1.099098997656256,238.6359709998942,133.68577981651376
1783598235,15,,Aggregated,4.500000,0.000000,3,3,3,3,5,8,72,110,240,240,240,438,0,3,6.648833233045218,1.099098997656256,238.6359709998942,133.67808219178082
1783598236,15,,Aggregated,4.600000,0.000000,3,3,3,3,5,7,72,110,240,240,240,445,0,3,6.598065083307212,1.099098997656256,238.6359709998942,133.65168539325842
1783598237,15,,Aggregated,4.200000,0.000000,3,3,3,3,5,7,72,110,240,240,240,448,0,3,6.5749187233693975,1.099098997656256,238.6359709998942,133.640625
1783598238,15,,Aggregated,4.500000,0.000000,3,3,3,3,4,7,61,110,240,240,240,453,0,3,6.531213755124052,1.099098997656256,238.6359709998942,133.6225165562914
1783598239,15,,Aggregated,4.400000,0.000000,3,3,3,3,4,7,61,110,240,240,240,457,0,3,6.498481549381959,1.099098997656256,238.6359709998942,133.60831509846827
1783598240,15,,Aggregated,4.400000,0.000000,3,3,3,3,4,7,61,110,240,240,240,459,0,3,6.482553196215151,1.099098997656256,238.6359709998942,133.6013071895425
1783598241,15,,Aggregated,4.400000,0.000000,3,3,3,3,4,7,61,110,240,240,240,465,0,3,6.43196346680133,1.099098997656256,238.6359709998942,133.58064516129033
1783598242,15,,Aggregated,4.300000,0.000000,3,3,3,3,4,7,61,110,240,240,240,471,0,3,6.393909250665233,1.099098997656256,238.6359709998942,133.56050955414014
1783598243,15,,Aggregated,4.300000,0.000000,3,3,3,3,4,7,61,110,240,240,240,473,0,3,6.384724014935608,1.099098997656256,238.6359709998942,133.553911205074
1783598244,15,,Aggregated,4.000000,0.000000,3,3,3,3,4,7,61,110,240,240,240,476,0,3,6.361319695506685,1.099098997656256,238.6359709998942,133.5441176470588
1783598245,15,,Aggregated,4.200000,0.000000,3,3,3,3,4,7,61,110,240,240,240,481,0,3,6.324626361875175,1.099098997656256,238.6359709998942,133.52806652806652
1783598246,15,,Aggregated,4.000000,0.000000,3,3,3,3,4,7,61,110,240,240,240,486,0,3,6.288899880775057,1.099098997656256,238.6359709998942,133.51234567901236
1783598247,15,,Aggregated,4.300000,0.000000,3,3,3,3,4,7,61,110,240,240,240,491,0,3,6.255826979756185,1.099098997656256,238.6359709998942,133.4969450101833
1783598248,15,,Aggregated,4.300000,0.000000,3,3,3,3,4,7,61,110,240,240,240,494,0,3,6.236807145866735,1.099098997656256,238.6359709998942,133.48785425101215
1783598249,15,,Aggregated,4.300000,0.000000,3,3,3,3,4,7,61,110,240,240,240,499,0,3,6.20556490591657,1.099098997656256,238.6359709998942,133.47294589178355
1783598250,15,,Aggregated,4.200000,0.000000,3,3,3,3,4,7,61,110,240,240,240,503,0,3,6.183806568699568,1.099098997656256,238.6359709998942,133.46123260437375
1783598251,15,,Aggregated,4.200000,0.000000,3,3,3,3,4,7,61,110,240,240,240,511,0,3,6.133732647853635,1.099098997656256,238.6359709998942,133.43835616438355
1783598252,15,,Aggregated,4.200000,0.000000,3,3,3,3,4,7,61,110,240,240,240,514,0,3,6.115372237455358,1.099098997656256,238.6359709998942,133.42996108949416
1783598253,15,,Aggregated,4.200000,0.000000,3,3,3,3,4,7,61,110,240,240,240,515,0,3,6.109814668062665,1.099098997656256,238.6359709998942,133.4271844660194
1783598254,15,,Aggregated,4.500000,0.000000,3,3,3,3,4,7,61,110,240,240,240,520,0,3,6.078268875108524,1.099098997656256,238.6359709998942,133.41346153846155
1783598255,15,,Aggregated,4.300000,0.000000,3,3,3,3,4,7,61,110,240,240,240,525,0,3,6.049510691539451,1.099098997656256,238.6359709998942,133.4
1783598256,15,,Aggregated,4.400000,0.000000,3,3,3,3,4,7,61,110,240,240,240,530,0,3,6.021784979356936,1.099098997656256,238.6359709998942,133.38679245283018
1783598257,15,,Aggregated,4.200000,0.000000,3,3,3,3,4,7,61,110,240,240,240,533,0,3,6.004889973850006,1.099098997656256,238.6359709998942,133.37898686679173
1783598258,20,,Aggregated,4.400000,0.000000,3,3,3,3,5,7,78,140,240,240,240,545,0,3,6.873829901030708,1.099098997656256,238.6359709998942,133.8091743119266
1783598259,20,,Aggregated,4.200000,0.000000,3,3,3,3,5,8,77,140,240,240,240,552,0,3,6.837559079821918,1.099098997656256,238.6359709998942,133.78623188405797
1783598260,20,,Aggregated,5.200000,0.000000,3,3,3,3,5,8,77,140,240,240,240,560,0,3,6.826549167973488,1.099098997656256,238.6359709998942,133.76071428571427
1783598261,20,,Aggregated,5.300000,0.000000,3,3,3,3,5,8,77,140,240,240,240,565,0,3,6.8070937222422545,1.099098997656256,238.6359709998942,133.74513274336283
1783598262,20,,Aggregated,5.600000,0.000000,3,3,3,3,5,8,77,140,240,240,240,570,0,3,6.793690080813943,1.099098997656256,238.6359709998942,133.72982456140352
1783598263,20,,Aggregated,5.600000,0.000000,3,3,3,4,5,8,77,140,240,240,240,577,0,3,6.764445526969653,1.099098997656256,238.6359709998942,133.70883882149047
1783598264,20,,Aggregated,5.400000,0.000000,3,3,3,4,5,8,77,140,240,240,240,581,0,3,6.736374168778041,1.099098997656256,238.6359709998942,133.69707401032701
1783598265,20,,Aggregated,5.900000,0.000000,3,3,3,3,5,8,77,140,240,240,240,588,0,3,6.689998874251268,1.099098997656256,238.6359709998942,133.6768707482993
1783598266,20,,Aggregated,5.900000,0.000000,3,3,3,3,5,8,77,140,240,240,240,590,0,3,6.677470257729233,1.099098997656256,238.6359709998942,133.67118644067796
1783598267,20,,Aggregated,6.400000,0.000000,3,3,3,3,5,8,77,140,240,240,240,596,0,3,6.637338216554683,1.099098997656256,238.6359709998942,133.65436241610738
1783598268,20,,Aggregated,6.200000,0.000000,3,3,3,3,5,8,76,110,240,240,240,607,0,3,6.564185988570859,1.099098997656256,238.6359709998942,133.62438220757826
1783598269,20,,Aggregated,6.000000,0.000000,3,3,3,3,5,8,76,110,240,240,240,609,0,3,6.553217415534289,1.099098997656256,238.6359709998942,133.61904761904762
1783598270,20,,Aggregated,5.500000,0.000000,3,3,3,3,5,8,76,110,240,240,240,612,0,3,6.535195434748054,1.099098997656256,238.6359709998942,133.61111111111111
1783598271,20,,Aggregated,5.700000,0.000000,3,3,3,3,5,8,76,110,240,240,240,622,0,3,6.475249762150217,1.099098997656256,238.6359709998942,133.58520900321543
1783598272,20,,Aggregated,5.500000,0.000000,3,3,3,3,5,8,76,110,240,240,240,630,0,3,6.426302701682231,1.099098997656256,238.6359709998942,133.56507936507936
1783598273,20,,Aggregated,5.500000,0.000000,3,3,3,3,5,8,76,110,240,240,240,631,0,3,6.422101120539131,1.099098997656256,238.6359709998942,133.56259904912838
1783598274,20,,Aggregated,6.100000,0.000000,3,3,3,3,5,8,76,110,240,240,240,637,0,3,6.38984202520746,1.099098997656256,238.6359709998942,133.54788069073783
1783598275,20,,Aggregated,5.800000,0.000000,3,3,3,3,5,8,76,110,240,240,240,642,0,3,6.363914894165215,1.099098997656256,238.6359709998942,133.53582554517135
1783598276,20,,Aggregated,5.700000,0.000000,3,3,3,3,5,8,72,110,240,240,240,651,0,3,6.317133405607291,1.099098997656256,238.6359709998942,133.51459293394777
1783598277,20,,Aggregated,5.400000,0.000000,3,3,3,3,5,8,72,110,240,240,240,654,0,3,6.301559472551762,1.099098997656256,238.6359709998942,133.50764525993884
1783598278,20,,Aggregated,5.400000,0.000000,3,3,3,3,5,7,72,110,240,240,240,661,0,3,6.26100490476161,1.099098997656256,238.6359709998942,133.49167927382754
1783598279,20,,Aggregated,6.100000,0.000000,3,3,3,3,5,7,72,110,240,240,240,665,0,3,6.245686765481181,1.099098997656256,238.6359709998942,133.4827067669173
1783598280,20,,Aggregated,5.600000,0.000000,3,3,3,3,5,7,72,110,240,240,240,673,0,3,6.20317254688254,1.099098997656256,238.6359709998942,133.46508172362556
1783598281,20,,Aggregated,5.600000,0.000000,3,3,3,3,5,7,72,110,240,240,240,676,0,3,6.187279980843053,1.099098997656256,238.6359709998942,133.45857988165682
1783598282,20,,Aggregated,6.000000,0.000000,3,3,3,3,5,7,72,110,240,240,240,681,0,3,6.166046677017234,1.099098997656256,238.6359709998942,133.44787077826726
1783598283,20,,Aggregated,5.800000,0.000000,3,3,3,3,5,7,72,110,240,240,240,688,0,3,6.131943850373001,1.099098997656256,238.6359709998942,133.4331395348837
1783598284,20,,Aggregated,5.100000,0.000000,3,3,3,3,5,7,72,110,240,240,240,695,0,3,6.094260820231179,1.099098997656256,238.6359709998942,133.41870503597121
1783598285,20,,Aggregated,5.300000,0.000000,3,3,3,3,5,7,61,110,240,240,240,701,0,3,6.064797746161517,1.099098997656256,238.6359709998942,133.40656205420828
1783598286,20,,Aggregated,5.800000,0.000000,3,3,3,3,5,7,61,110,240,240,240,705,0,3,6.046595890854166,1.099098997656256,238.6359709998942,133.39858156028367
1783598287,20,,Aggregated,5.700000,0.000000,3,3,3,3,5,7,61,110,240,240,240,710,0,3,6.023929683168986,1.099098997656256,238.6359709998942,133.3887323943662
1783598288,20,,Aggregated,5.800000,0.000000,3,3,3,3,5,7,61,110,240,240,240,717,0,3,5.992782848049832,1.099098997656256,238.6359709998942,133.37517433751742
1783598289,20,,Aggregated,5.400000,0.000000,3,3,3,3,5,7,61,110,240,240,240,722,0,3,5.969040246615964,1.099098997656256,238.6359709998942,133.3656509695291
1783598290,20,,Aggregated,6.000000,0.000000,3,3,3,3,5,7,61,110,240,240,240,727,0,3,5.948972247671337,1.099098997656256,238.6359709998942,133.35625859697387
1783598291,20,,Aggregated,5.400000,0.000000,3,3,3,3,5,7,61,110,240,240,240,734,0,3,5.924814498711674,1.099098997656256,238.6359709998942,133.3433242506812
1783598292,20,,Aggregated,5.300000,0.000000,3,3,3,3,5,7,61,110,240,240,240,739,0,3,5.914059659077716,1.099098997656256,238.6359709998942,133.3342354533153
1783598293,20,,Aggregated,5.400000,0.000000,3,3,3,3,5,7,61,110,240,240,240,746,0,3,5.890990687744221,1.099098997656256,238.6359709998942,133.32171581769438
1783598294,20,,Aggregated,5.800000,0.000000,3,3,3,3,5,7,61,110,240,240,240,749,0,3,5.878404606212889,1.099098997656256,238.6359709998942,133.31642189586114
1783598295,20,,Aggregated,6.000000,0.000000,3,3,3,3,5,7,61,110,240,240,240,755,0,3,5.852825186834616,1.099098997656256,238.6359709998942,133.30596026490068
1783598296,20,,Aggregated,5.500000,0.000000,3,3,3,3,5,7,61,110,240,240,240,762,0,3,5.825402320290364,1.099098997656256,238.6359709998942,133.29396325459317
1783598297,20,,Aggregated,5.700000,0.000000,3,3,3,3,5,7,61,110,240,240,240,768,0,3,5.803196268298431,1.099098997656256,238.6359709998942,133.28385416666666
1783598298,20,,Aggregated,5.700000,0.000000,3,3,3,3,5,7,61,110,240,240,240,773,0,3,5.78412586165314,1.099098997656256,238.6359709998942,133.27554980595085
1783598299,20,,Aggregated,5.700000,0.000000,3,3,3,3,5,7,61,110,240,240,240,778,0,3,5.76441188439271,1.099098997656256,238.6359709998942,133.26735218508998
1783598300,20,,Aggregated,5.400000,0.000000,3,3,3,3,5,7,61,110,240,240,240,784,0,3,5.742547246237169,1.099098997656256,238.6359709998942,133.2576530612245
1783598301,20,,Aggregated,5.900000,0.000000,3,3,3,3,5,7,61,110,240,240,240,792,0,3,5.712409912947888,1.099098997656256,238.6359709998942,133.2449494949495
1783598302,20,,Aggregated,5.400000,0.000000,3,3,3,3,5,7,61,110,240,240,240,797,0,3,5.692982870834426,1.099098997656256,238.6359709998942,133.237139272271
1783598303,20,,Aggregated,5.800000,0.000000,3,3,3,3,4,7,60,96,240,240,240,802,0,3,5.673923876626153,1.099098997656256,238.6359709998942,133.22942643391522
1783598304,20,,Aggregated,5.700000,0.000000,3,3,3,3,4,7,60,96,240,240,240,808,0,3,5.650983497585318,1.099098997656256,238.6359709998942,133.22029702970298
1783598305,20,,Aggregated,5.500000,0.000000,3,3,3,3,4,7,60,96,240,240,240,816,0,3,5.622515350550577,1.099098997656256,238.6359709998942,133.20833333333334
1783598306,20,,Aggregated,5.700000,0.000000,3,3,3,3,4,7,60,96,240,240,240,821,0,3,5.60565020834062,1.099098997656256,238.6359709998942,133.20097442143728
1783598307,20,,Aggregated,5.900000,0.000000,3,3,3,3,4,7,60,96,240,240,240,827,0,3,5.591258330162362,1.099098997656256,238.6359709998942,133.19226118500603
1783598308,20,,Aggregated,6.000000,0.000000,3,3,3,3,4,7,60,96,240,240,240,832,0,3,5.574680617843779,1.099098997656256,238.6359709998942,133.18509615384616
1783598309,20,,Aggregated,5.800000,0.000000,3,3,3,3,4,7,60,96,240,240,240,839,0,3,5.550075914239756,1.099098997656256,238.6359709998942,133.17520858164482
1783598310,20,,Aggregated,5.800000,0.000000,3,3,3,3,4,7,60,96,240,240,240,841,0,3,5.543718372233747,1.099098997656256,238.6359709998942,133.17241379310346
1783598311,20,,Aggregated,6.000000,0.000000,3,3,3,3,4,7,60,96,240,240,240,847,0,3,5.5259580248487135,1.099098997656256,238.6359709998942,133.16410861865407
1783598312,20,,Aggregated,6.100000,0.000000,3,3,3,3,4,7,54,96,240,240,240,855,0,3,5.497566770815988,1.099098997656256,238.6359709998942,133.153216374269
1783598313,20,,Aggregated,5.600000,0.000000,3,3,3,3,4,7,54,96,240,240,240,860,0,3,5.481061800052229,1.099098997656256,238.6359709998942,133.146511627907
1783598314,20,,Aggregated,5.700000,0.000000,3,3,3,3,4,7,54,96,240,240,240,864,0,3,5.4687785336219115,1.099098997656256,238.6359709998942,133.1412037037037
1783598315,20,,Aggregated,5.600000,0.000000,3,3,3,3,4,7,54,96,240,240,240,870,0,3,5.450005987414892,1.099098997656256,238.6359709998942,133.13333333333333
1783598316,20,,Aggregated,5.800000,0.000000,3,3,3,3,4,7,54,96,240,240,240,879,0,3,5.419787332258043,1.099098997656256,238.6359709998942,133.12172923777018
1783598317,20,,Aggregated,5.300000,0.000000,3,3,3,3,4,7,54,96,240,240,240,882,0,3,5.411845449045705,1.099098997656256,238.6359709998942,133.11791383219955
1783598318,25,,Aggregated,5.500000,0.000000,3,3,3,3,4,7,61,96,240,240,240,894,0,3,5.788829487765893,1.0746330008259974,238.6359709998942,133.38366890380314
1783598319,25,,Aggregated,6.000000,0.000000,3,3,3,3,4,7,61,92,240,240,240,903,0,3,5.762575594751673,1.0746330008259974,238.6359709998942,133.36987818383167
1783598320,25,,Aggregated,6.600000,0.000000,3,3,3,3,4,7,61,92,240,240,240,913,0,3,5.736339623285584,1.0746330008259974,238.6359709998942,133.35487404162103
1783598321,25,,Aggregated,6.100000,0.000000,3,3,3,3,4,7,61,92,240,240,240,917,0,3,5.726505368659801,1.0746330008259974,238.6359709998942,133.34896401308615
1783598322,25,,Aggregated,6.700000,0.000000,3,3,3,3,4,7,61,92,240,240,240,923,0,3,5.711939420430547,1.0746330008259974,238.6359709998942,133.34019501625136
1783598323,25,,Aggregated,7.300000,0.000000,3,3,3,3,4,7,61,92,240,240,240,932,0,3,5.6857198144283245,1.0746330008259974,238.6359709998942,133.32725321888412
1783598324,25,,Aggregated,6.900000,0.000000,3,3,3,3,4,7,61,92,240,240,240,939,0,3,5.66614126522656,1.0746330008259974,238.6359709998942,133.31735889243876
1783598325,25,,Aggregated,7.400000,0.000000,3,3,3,3,4,7,61,92,240,240,240,949,0,3,5.633390130725352,1.0746330008259974,238.6359709998942,133.30347734457322
1783598326,25,,Aggregated,7.400000,0.000000,3,3,3,3,4,7,60,92,240,240,240,954,0,3,5.618692234864177,1.0746330008259974,238.6359709998942,133.29664570230608
1783598327,25,,Aggregated,7.800000,0.000000,3,3,3,3,4,7,60,92,240,240,240,963,0,3,5.589725656350967,1.0746330008259974,238.6359709998942,133.28452751817238
1783598328,25,,Aggregated,7.600000,0.000000,3,3,3,3,4,7,60,92,240,240,240,970,0,3,5.570154784597725,1.0746330008259974,238.6359709998942,133.27525773195876
1783598329,25,,Aggregated,7.500000,0.000000,3,3,3,3,4,7,60,92,240,240,240,976,0,3,5.555003345344615,1.0746330008259974,238.6359709998942,133.26741803278688
1783598330,25,,Aggregated,7.300000,0.000000,3,3,3,3,4,7,60,92,240,240,240,981,0,3,5.540327298740846,1.0746330008259974,238.6359709998942,133.26095820591235
1783598331,25,,Aggregated,7.300000,0.000000,3,3,3,3,4,7,60,92,240,240,240,986,0,3,5.526905879378319,1.0746330008259974,238.6359709998942,133.25456389452333
1783598332,25,,Aggregated,7.300000,0.000000,3,3,3,3,4,7,60,92,240,240,240,998,0,3,5.492468350764935,1.0746330008259974,238.6359709998942,133.23947895791582
1783598333,25,,Aggregated,6.700000,0.000000,3,3,3,3,4,7,59,86,190,240,240,1005,0,3,5.476589263747684,1.0746330008259974,238.6359709998942,133.2308457711443
1783598334,25,,Aggregated,7.100000,0.000000,3,3,3,3,4,7,59,86,190,240,240,1009,0,3,5.466882887083249,1.0746330008259974,238.6359709998942,133.22596630327055
1783598335,25,,Aggregated,7.100000,0.000000,3,3,3,3,4,7,59,86,190,240,240,1018,0,3,5.441573337985397,1.0746330008259974,238.6359709998942,133.21512770137525
1783598336,25,,Aggregated,7.000000,0.000000,3,3,3,3,4,7,59,86,190,240,240,1029,0,3,5.409532789172419,1.0746330008259974,238.6359709998942,133.20213799805637
1783598337,25,,Aggregated,6.800000,0.000000,3,3,3,3,4,7,59,86,190,240,240,1035,0,3,5.395650247394941,1.0746330008259974,238.6359709998942,133.1951690821256
1783598338,25,,Aggregated,6.800000,0.000000,3,3,3,3,4,7,59,86,190,240,240,1037,0,3,5.39097559985687,1.0746330008259974,238.6359709998942,133.19286403085823
1783598339,25,,Aggregated,7.500000,0.000000,3,3,3,3,4,7,59,86,190,240,240,1044,0,3,5.374260806559878,1.0746330008259974,238.6359709998942,133.18486590038313
1783598340,25,,Aggregated,7.100000,0.000000,3,3,3,3,4,7,57,86,190,240,240,1058,0,3,5.336344158831621,1.0746330008259974,238.6359709998942,133.16918714555766
1783598341,25,,Aggregated,7.100000,0.000000,3,3,3,3,4,7,57,86,190,240,240,1059,0,3,5.33405778852036,1.0746330008259974,238.6359709998942,133.16808309726156
1783598342,25,,Aggregated,7.000000,0.000000,3,3,3,3,4,6,57,86,190,240,240,1071,0,3,5.30271125120954,1.0746330008259974,238.6359709998942,133.15499533146593
1783598343,25,,Aggregated,7.500000,0.000000,3,3,3,3,4,6,57,86,190,240,240,1079,0,3,5.286635176128519,1.0746330008259974,238.6359709998942,133.14643188137165
1783598344,25,,Aggregated,7.100000,0.000000,3,3,3,3,4,6,57,86,190,240,240,1086,0,3,5.2720739438658,1.0746330008259974,238.6359709998942,133.1390423572744
1783598345,25,,Aggregated,7.200000,0.000000,3,3,3,3,4,6,57,86,190,240,240,1091,0,3,5.2617801916025,1.0746330008259974,238.6359709998942,133.13382218148487
1783598346,25,,Aggregated,7.500000,0.000000,3,3,3,3,4,6,57,86,190,240,240,1096,0,3,5.249542720835683,1.0746330008259974,238.6359709998942,133.1286496350365
1783598347,25,,Aggregated,7.600000,0.000000,3,3,3,3,4,6,54,84,190,240,240,1108,0,3,5.219494970248103,1.0746330008259974,238.6359709998942,133.1164259927798
1783598348,25,,Aggregated,7.300000,0.000000,3,3,3,3,4,6,54,84,190,240,240,1116,0,3,5.2053987787023885,1.0746330008259974,238.6359709998942,133.1084229390681
1783598349,25,,Aggregated,7.200000,0.000000,3,3,3,3,4,6,54,84,190,240,240,1121,0,3,5.196999565597706,1.0746330008259974,238.6359709998942,133.1034790365745
1783598350,25,,Aggregated,7.400000,0.000000,3,3,3,3,4,6,54,84,190,240,240,1129,0,3,5.183212035461012,1.0746330008259974,238.6359709998942,133.09565987599646
1783598351,25,,Aggregated,7.500000,0.000000,3,3,3,3,4,6,54,84,190,240,240,1136,0,3,5.16904021481769,1.0746330008259974,238.6359709998942,133.08890845070422
1783598352,25,,Aggregated,7.500000,0.000000,3,3,3,3,4,6,54,84,190,240,240,1142,0,3,5.154889539436575,1.0746330008259974,238.6359709998942,133.08318739054292
1783598353,25,,Aggregated,7.400000,0.000000,3,3,3,3,4,6,54,84,190,240,240,1150,0,3,5.136657178290593,1.0746330008259974,238.6359709998942,133.07565217391306
1783598354,25,,Aggregated,7.500000,0.000000,3,3,3,3,4,6,53,84,190,240,240,1158,0,3,5.1199519128138,1.0746330008259974,238.6359709998942,133.06822107081175
1783598355,25,,Aggregated,7.000000,0.000000,3,3,3,3,4,6,53,84,190,240,240,1164,0,3,5.1098127062240195,1.0746330008259974,238.6359709998942,133.0627147766323
1783598356,25,,Aggregated,7.300000,0.000000,3,3,3,3,4,6,53,84,190,240,240,1167,0,3,5.104703986325715,1.0746330008259974,238.6359709998942,133.05998286203942
1783598357,25,,Aggregated,7.100000,0.000000,3,3,3,3,4,6,53,84,190,240,240,1179,0,3,5.081296748974358,1.0746330008259974,238.6359709998942,133.04919423240034
1783598358,25,,Aggregated,7.300000,0.000000,3,3,3,3,4,6,53,84,190,240,240,1184,0,3,5.071322994968501,1.0746330008259974,238.6359709998942,133.04476351351352
1783598359,25,,Aggregated,6.800000,0.000000,3,3,3,3,4,6,53,84,190,240,240,1190,0,3,5.060377148778066,1.0746330008259974,238.6359709998942,133.03949579831934
1783598360,25,,Aggregated,6.900000,0.000000,3,3,3,3,4,6,53,84,190,240,240,1198,0,3,5.045049568478815,1.0746330008259974,238.6359709998942,133.03255425709517
1783598361,25,,Aggregated,7.000000,0.000000,3,3,3,3,4,6,49,83,190,240,240,1207,0,3,5.028439367055166,1.0746330008259974,238.6359709998942,133.0248550124275
1783598362,25,,Aggregated,6.900000,0.000000,3,3,3,3,4,6,49,83,190,240,240,1213,0,3,5.017811572985372,1.0746330008259974,238.6359709998942,133.01978565539983
1783598363,25,,Aggregated,6.800000,0.000000,3,3,3,3,4,6,49,83,190,240,240,1222,0,3,4.9997142692569145,1.0746330008259974,238.6359709998942,133.01227495908347
1783598364,25,,Aggregated,7.100000,0.000000,3,3,3,3,4,6,49,83,190,240,240,1229,0,3,4.987727633870991,1.0746330008259974,238.6359709998942,133.00650935720097
1783598365,25,,Aggregated,7.400000,0.000000,3,3,3,3,4,6,49,83,190,240,240,1234,0,3,4.979247893863144,1.0746330008259974,238.6359709998942,133.00243111831443
1783598366,25,,Aggregated,7.000000,0.000000,3,3,3,3,4,6,49,83,190,240,240,1244,0,3,4.961440222690129,1.0746330008259974,238.6359709998942,132.9943729903537
1783598367,25,,Aggregated,7.300000,0.000000,3,3,3,3,4,6,49,83,190,240,240,1250,0,3,4.949996793628088,1.0746330008259974,238.6359709998942,132.9896
1783598368,25,,Aggregated,7.300000,0.000000,3,3,3,3,4,6,17,83,190,240,240,1257,0,3,4.936415513155416,1.0746330008259974,238.6359709998942,132.98408910103421
1783598369,25,,Aggregated,7.700000,0.000000,3,3,3,3,4,6,17,83,190,240,240,1265,0,3,4.922499409514979,1.0746330008259974,238.6359709998942,132.97786561264823
1783598370,25,,Aggregated,7.000000,0.000000,3,3,3,3,4,6,17,83,190,240,240,1273,0,3,4.908156917551723,1.0746330008259974,238.6359709998942,132.97172034564022
1783598371,25,,Aggregated,7.100000,0.000000,3,3,3,3,4,6,17,83,190,240,240,1279,0,3,4.898796788932844,1.0746330008259974,238.6359709998942,132.96716184519155
1783598372,25,,Aggregated,7.700000,0.000000,3,3,3,3,4,6,17,83,190,240,240,1288,0,3,4.881403583107193,1.0746330008259974,238.6359709998942,132.96040372670808
1783598373,25,,Aggregated,7.400000,0.000000,3,3,3,3,4,6,17,83,190,240,240,1294,0,3,4.872006382564676,1.0746330008259974,238.6359709998942,132.95595054095827
1783598374,25,,Aggregated,7.500000,0.000000,3,3,3,3,4,6,17,78,190,240,240,1302,0,3,4.859113006178463,1.0746330008259974,238.6359709998942,132.9500768049155
1783598375,25,,Aggregated,7.400000,0.000000,3,3,3,3,4,6,17,78,190,240,240,1305,0,3,4.854868551760478,1.0746330008259974,238.6359709998942,132.94789272030653
1783598376,25,,Aggregated,7.100000,0.000000,3,3,3,3,4,6,17,78,190,240,240,1316,0,3,4.836227949133368,1.0746330008259974,238.6359709998942,132.93996960486322
1783598377,25,,Aggregated,7.200000,0.000000,3,3,3,3,4,6,17,78,190,240,240,1322,0,3,4.827165373720737,1.0746330008259974,238.6359709998942,132.9357034795764
1783598378,30,,Aggregated,7.100000,0.000000,3,3,3,3,4,6,57,84,190,240,240,1339,0,3,5.098172342828348,1.0746330008259974,238.6359709998942,133.1112770724421
1783598379,30,,Aggregated,6.900000,0.000000,3,3,3,3,4,6,57,84,190,240,240,1350,0,3,5.076335608189563,1.0746330008259974,238.6359709998942,133.10222222222222
1783598380,30,,Aggregated,8.200000,0.000000,3,3,3,3,4,6,54,84,190,240,240,1355,0,3,5.067571281223808,1.0746330008259974,238.6359709998942,133.0981549815498
1783598381,30,,Aggregated,8.400000,0.000000,3,3,3,3,4,6,54,84,190,240,240,1365,0,3,5.05111793118176,1.0746330008259974,238.6359709998942,133.0901098901099
1783598382,30,,Aggregated,8.100000,0.000000,3,3,3,3,4,6,54,84,190,240,240,1374,0,3,5.03429241343123,1.0746330008259974,238.6359709998942,133.0829694323144
1783598383,30,,Aggregated,8.500000,0.000000,3,3,3,3,4,6,54,84,190,240,240,1382,0,3,5.019704709880166,1.0746330008259974,238.6359709998942,133.0767004341534
1783598384,30,,Aggregated,8.400000,0.000000,3,3,3,3,4,6,54,84,190,240,240,1392,0,3,5.005412288828039,1.0746330008259974,238.6359709998942,133.06896551724137
1783598385,30,,Aggregated,8.600000,0.000000,3,3,3,3,4,6,54,84,190,240,240,1400,0,3,4.995344600748857,1.0746330008259974,238.6359709998942,133.06285714285715
1783598386,30,,Aggregated,9.100000,0.000000,3,3,3,3,4,6,53,83,190,240,240,1409,0,3,4.980745087329289,1.0746330008259974,238.6359709998942,133.05606813342797
1783598387,30,,Aggregated,8.900000,0.000000,3,3,3,3,4,6,53,83,190,240,240,1420,0,3,4.963150569746573,1.0746330008259974,238.6359709998942,133.04788732394366
1783598388,30,,Aggregated,9.200000,0.000000,3,3,3,3,4,6,53,83,190,240,240,1427,0,3,4.951516946072907,1.0746330008259974,238.6359709998942,133.0427470217239
1783598389,30,,Aggregated,9.400000,0.000000,3,3,3,3,4,6,53,83,190,240,240,1432,0,3,4.944641982572587,1.0746330008259974,238.6359709998942,133.0391061452514
1783598390,30,,Aggregated,8.900000,0.000000,3,3,3,3,4,6,53,83,190,240,240,1441,0,3,4.9298740048875995,1.0746330008259974,238.6359709998942,133.0326162387231
1783598391,30,,Aggregated,8.800000,0.000000,3,3,3,3,4,6,53,83,190,240,240,1449,0,3,4.918021694302008,1.0746330008259974,238.6359709998942,133.02691511387164
1783598392,30,,Aggregated,8.600000,0.000000,3,3,3,3,4,6,49,83,190,240,240,1457,0,3,4.905557193574708,1.0746330008259974,238.6359709998942,133.0212765957447
1783598393,30,,Aggregated,8.600000,0.000000,3,3,3,3,4,6,49,83,190,240,240,1466,0,3,4.891333255821959,1.0746330008259974,238.6359709998942,133.0150068212824
1783598394,30,,Aggregated,8.500000,0.000000,3,3,3,3,4,6,49,83,190,240,240,1472,0,3,4.882577302329656,1.0746330008259974,238.6359709998942,133.0108695652174
1783598395,30,,Aggregated,8.400000,0.000000,3,3,3,3,4,6,49,83,190,240,240,1479,0,3,4.8729337951518845,1.0746330008259974,238.6359709998942,133.00608519269778
1783598396,30,,Aggregated,8.100000,0.000000,3,3,3,3,4,5,49,83,190,240,240,1492,0,3,4.853276311676981,1.0746330008259974,238.6359709998942,132.99731903485255
1783598397,30,,Aggregated,8.100000,0.000000,3,3,3,3,4,6,49,83,190,240,240,1499,0,3,4.84663379521311,1.0746330008259974,238.6359709998942,132.99266177451634
1783598398,30,,Aggregated,8.100000,0.000000,3,3,3,3,4,5,17,78,190,240,240,1507,0,3,4.835268454565272,1.0746330008259974,238.6359709998942,132.9873921698739
1783598399,30,,Aggregated,8.200000,0.000000,3,3,3,3,4,5,17,78,190,240,240,1511,0,3,4.829646530793248,1.0746330008259974,238.6359709998942,132.9847782925215
1783598400,30,,Aggregated,7.900000,0.000000,3,3,3,3,4,5,17,78,190,240,240,1522,0,3,4.813790191864823,1.0746330008259974,238.6359709998942,132.97766097240472
1783598401,30,,Aggregated,7.800000,0.000000,3,3,3,3,4,5,17,78,190,240,240,1529,0,3,4.8046408011907324,1.0746330008259974,238.6359709998942,132.973185088293
1783598402,30,,Aggregated,7.700000,0.000000,3,3,3,3,4,5,17,78,190,240,240,1536,0,3,4.795185990246864,1.0746330008259974,238.6359709998942,132.96875
1783598403,30,,Aggregated,8.100000,0.000000,3,3,3,3,4,5,17,78,190,240,240,1546,0,3,4.780932710232152,1.0746330008259974,238.6359709998942,132.96248382923673
1783598404,30,,Aggregated,7.900000,0.000000,3,3,3,3,4,5,17,78,190,240,240,1552,0,3,4.773221036739602,1.0746330008259974,238.6359709998942,132.95876288659792
1783598405,30,,Aggregated,7.800000,0.000000,3,3,3,3,4,5,17,78,190,240,240,1559,0,3,4.764172454794005,1.0746330008259974,238.6359709998942,132.95445798588838
1783598406,30,,Aggregated,8.200000,0.000000,3,3,3,3,4,5,17,78,190,240,240,1571,0,3,4.747939055397443,1.0746330008259974,238.6359709998942,132.94716740929346
1783598407,30,,Aggregated,8.100000,0.000000,3,3,3,3,4,5,17,78,190,240,240,1580,0,3,4.736270443056957,1.0746330008259974,238.6359709998942,132.94177215189873
1783598408,30,,Aggregated,8.100000,0.000000,3,3,3,3,4,5,17,78,190,240,240,1588,0,3,4.729390893595378,1.0746330008259974,238.6359709998942,132.93702770780857
1783598409,30,,Aggregated,8.200000,0.000000,3,3,3,3,4,5,17,78,190,240,240,1598,0,3,4.719065964352521,1.0746330008259974,238.6359709998942,132.93116395494368
1783598410,30,,Aggregated,8.100000,0.000000,3,3,3,3,4,5,15,77,190,240,240,1607,0,3,4.7077832595049784,1.0746330008259974,238.6359709998942,132.92594897324207
1783598411,30,,Aggregated,8.200000,0.000000,3,3,3,3,4,5,15,77,190,240,240,1613,0,3,4.701694054571021,1.0746330008259974,238.6359709998942,132.92250464972102
1783598412,30,,Aggregated,8.700000,0.000000,3,3,3,3,4,5,15,77,190,240,240,1621,0,3,4.6910480265385495,1.0746330008259974,238.6359709998942,132.9179518815546
1783598413,30,,Aggregated,8.300000,0.000000,3,3,3,3,4,5,15,77,190,240,240,1633,0,3,4.6773222731284845,1.0746330008259974,238.6359709998942,132.91120636864667
1783598414,30,,Aggregated,8.400000,0.000000,3,3,3,3,4,5,15,77,190,240,240,1642,0,3,4.666784471382028,1.0746330008259974,238.6359709998942,132.9062119366626
1783598415,30,,Aggregated,8.700000,0.000000,3,3,3,3,4,5,15,77,190,240,240,1649,0,3,4.659500661013951,1.0746330008259974,238.6359709998942,132.90236506973923
1783598416,30,,Aggregated,8.500000,0.000000,3,3,3,3,4,5,13,77,190,240,240,1656,0,3,4.651435722829651,1.0746330008259974,238.6359709998942,132.8985507246377
1783598417,30,,Aggregated,9.000000,0.000000,3,3,3,3,4,5,13,77,190,240,240,1668,0,3,4.640058553360009,1.0746330008259974,238.6359709998942,132.89208633093526
1783598418,30,,Aggregated,8.700000,0.000000,3,3,3,3,4,5,13,77,190,240,240,1675,0,3,4.632208862093472,1.0746330008259974,238.6359709998942,132.88835820895522
1783598419,30,,Aggregated,8.200000,0.000000,3,3,3,3,4,5,13,77,190,240,240,1680,0,3,4.625792750600037,1.0746330008259974,238.6359709998942,132.88571428571427
1783598420,30,,Aggregated,8.800000,0.000000,3,3,3,3,4,5,13,77,190,240,240,1689,0,3,4.619367297813506,1.0746330008259974,238.6359709998942,132.8809946714032
1783598421,30,,Aggregated,8.600000,0.000000,3,3,3,3,4,5,12,76,190,240,240,1701,0,3,4.607039977075401,1.0746330008259974,238.6359709998942,132.8747795414462
1783598422,30,,Aggregated,8.200000,0.000000,3,3,3,3,4,5,12,76,190,240,240,1710,0,3,4.597601739182774,1.0746330008259974,238.6359709998942,132.8701754385965
1783598423,30,,Aggregated,8.300000,0.000000,3,3,3,3,4,5,12,76,190,240,240,1717,0,3,4.5895400250475795,1.0746330008259974,238.6359709998942,132.8666278392545
1783598424,30,,Aggregated,8.900000,0.000000,3,3,3,3,4,5,12,76,190,240,240,1726,0,3,4.581603823295062,1.0746330008259974,238.6359709998942,132.86210892236386
1783598425,30,,Aggregated,8.500000,0.000000,3,3,3,3,4,5,12,76,190,240,240,1736,0,3,4.571781877878028,1.0746330008259974,238.6359709998942,132.85714285714286
1783598426,30,,Aggregated,8.700000,0.000000,3,3,3,3,4,5,12,76,190,240,240,1742,0,3,4.565651721581962,1.0746330008259974,238.6359709998942,132.85419058553387
1783598427,30,,Aggregated,8.500000,0.000000,3,3,3,3,4,5,10,76,190,240,240,1754,0,3,4.558590642528452,1.0746330008259974,238.6359709998942,132.84834663625998
1783598428,30,,Aggregated,8.600000,0.000000,3,3,3,3,4,5,10,76,190,240,240,1762,0,3,4.550650763332264,1.0746330008259974,238.6359709998942,132.844494892168
1783598429,30,,Aggregated,8.700000,0.000000,3,3,3,3,4,5,10,76,190,240,240,1767,0,3,4.547238809837838,1.0746330008259974,238.6359709998942,132.8421052631579
1783598430,30,,Aggregated,8.800000,0.000000,3,3,3,3,4,5,10,76,190,240,240,1776,0,3,4.540789295036506,1.0746330008259974,238.6359709998942,132.83783783783784
1783598431,30,,Aggregated,8.700000,0.000000,3,3,3,3,4,5,10,76,190,240,240,1786,0,3,4.5310800487050535,1.0746330008259974,238.6359709998942,132.83314669652856
1783598432,30,,Aggregated,8.500000,0.000000,3,3,3,3,4,5,10,76,190,240,240,1794,0,3,4.522630224627622,1.0746330008259974,238.6359709998942,132.8294314381271
1783598433,30,,Aggregated,8.500000,0.000000,3,3,3,3,4,5,9,76,190,240,240,1803,0,3,4.514509730993367,1.0746330008259974,238.6359709998942,132.8252911813644
1783598434,30,,Aggregated,8.300000,0.000000,3,3,3,3,4,5,9,76,190,240,240,1807,0,3,4.511122083555617,1.0746330008259974,238.6359709998942,132.8234643054787
1783598435,30,,Aggregated,8.500000,0.000000,3,3,3,3,4,5,9,76,190,240,240,1816,0,3,4.505515980166627,1.0746330008259974,238.6359709998942,132.8193832599119
1783598436,30,,Aggregated,8.200000,0.000000,3,3,3,3,4,5,9,76,190,240,240,1825,0,3,4.496372783554985,1.0746330008259974,238.6359709998942,132.81534246575342
1783598437,30,,Aggregated,8.000000,0.000000,3,3,3,3,4,5,9,76,190,240,240,1839,0,3,4.482191518206545,1.0746330008259974,238.6359709998942,132.80913539967375
1783598438,35,,Aggregated,8.100000,0.000000,3,3,3,3,4,5,15,77,190,240,240,1856,0,3,4.665017065180705,1.0746330008259974,238.6359709998942,132.93696120689654
1783598439,38,,Aggregated,8.400000,0.000000,3,3,3,3,4,5,49,77,190,240,240,1867,0,3,4.749423567207133,1.0746330008259974,238.6359709998942,133.01231922870915
1783598440,38,,Aggregated,9.300000,0.000000,3,3,3,3,4,5,49,77,190,240,240,1884,0,3,4.73005699520946,1.0746330008259974,238.6359709998942,133.0031847133758
1783598441,38,,Aggregated,10.100000,0.000000,3,3,3,3,4,5,49,77,190,240,240,1894,0,3,4.721390290910317,1.0746330008259974,238.6359709998942,132.99788806758184
1783598442,38,,Aggregated,10.300000,0.000000,3,3,3,3,4,5,17,76,190,240,240,1905,0,3,4.708499454056264,1.0746330008259974,238.6359709998942,132.99212598425197
1783598443,38,,Aggregated,10.800000,0.000000,3,3,3,3,4,5,17,76,190,240,240,1918,0,3,4.695232071414188,1.0746330008259974,238.6359709998942,132.98540145985402
1783598444,38,,Aggregated,11.000000,0.000000,3,3,3,3,4,5,17,76,190,240,240,1931,0,3,4.6831470341652714,1.0746330008259974,238.6359709998942,132.9787674779907
1783598445,38,,Aggregated,11.400000,0.000000,3,3,3,3,4,5,17,76,190,240,240,1939,0,3,4.676017775642493,1.0746330008259974,238.6359709998942,132.97472924187727
1783598446,38,,Aggregated,11.700000,0.000000,3,3,3,3,4,5,17,76,190,240,240,1949,0,3,4.66692218264364,1.0746330008259974,238.6359709998942,132.9697280656747
1783598447,38,,Aggregated,12.400000,0.000000,3,3,3,3,4,5,17,76,190,240,240,1959,0,3,4.6579872026435964,1.0746330008259974,238.6359709998942,132.96477794793262
1783598448,38,,Aggregated,12.500000,0.000000,3,3,3,3,4,5,17,76,190,240,240,1974,0,3,4.6423448161029786,1.0746330008259974,238.6359709998942,132.95744680851064
1783598449,38,,Aggregated,12.500000,0.000000,3,3,3,3,4,5,17,76,190,240,240,1983,0,3,4.633615532516602,1.0746330008259974,238.6359709998942,132.95310136157337
1783598450,38,,Aggregated,11.000000,0.000000,3,3,3,3,4,5,17,76,190,240,240,1989,0,3,4.629121960271198,1.0746330008259974,238.6359709998942,132.9502262443439
1783598451,38,,Aggregated,11.400000,0.000000,3,3,3,3,4,5,15,76,180,240,240,2006,0,3,4.611605703375301,1.0746330008259974,238.6359709998942,132.94217347956132
1783598452,38,,Aggregated,11.500000,0.000000,3,3,3,3,4,5,15,76,180,240,240,2017,0,3,4.600329718377763,1.0746330008259974,238.6359709998942,132.93703520079325
1783598453,38,,Aggregated,10.600000,0.000000,3,3,3,3,4,5,15,76,180,240,240,2022,0,3,4.596910549438245,1.0746330008259974,238.6359709998942,132.9347181008902
1783598454,38,,Aggregated,11.400000,0.000000,3,3,3,3,4,5,15,76,180,240,240,2032,0,3,4.588164329704778,1.0746330008259974,238.6359709998942,132.9301181102362
1783598455,38,,Aggregated,11.000000,0.000000,3,3,3,3,4,5,15,76,180,240,240,2045,0,3,4.578016807313016,1.0746330008259974,238.6359709998942,132.9242053789731
1783598456,38,,Aggregated,10.500000,0.000000,3,3,3,3,4,5,13,76,180,240,240,2056,0,3,4.567110340931923,1.0746330008259974,238.6359709998942,132.91926070038912
1783598457,38,,Aggregated,10.100000,0.000000,3,3,3,3,4,5,13,76,180,240,240,2064,0,3,4.56266276063785,1.0746330008259974,238.6359709998942,132.9156976744186
1783598458,38,,Aggregated,10.300000,0.000000,3,3,3,3,4,5,13,76,180,240,240,2075,0,3,4.552053152266202,1.0746330008259974,238.6359709998942,132.91084337349398
1783598459,38,,Aggregated,10.400000,0.000000,3,3,3,3,4,5,13,76,180,240,240,2087,0,3,4.542708609939946,1.0746330008259974,238.6359709998942,132.90560613320557
1783598460,38,,Aggregated,10.600000,0.000000,3,3,3,3,4,5,13,76,180,240,240,2097,0,3,4.5329599470425945,1.0746330008259974,238.6359709998942,132.90128755364807
1783598461,38,,Aggregated,10.000000,0.000000,3,3,3,3,4,5,12,76,180,240,240,2108,0,3,4.522934297892099,1.0746330008259974,238.6359709998942,132.8965844402277
1783598462,38,,Aggregated,10.400000,0.000000,3,3,3,3,4,5,12,76,180,240,240,2118,0,3,4.514410822451508,1.0746330008259974,238.6359709998942,132.89235127478753
1783598463,38,,Aggregated,11.000000,0.000000,3,3,3,3,4,5,12,76,180,240,240,2131,0,3,4.502304097113939,1.0746330008259974,238.6359709998942,132.88690755513844
1783598464,38,,Aggregated,10.100000,0.000000,3,3,3,3,4,5,12,76,180,240,240,2144,0,3,4.4932563591200685,1.0746330008259974,238.6359709998942,132.88152985074626
1783598465,38,,Aggregated,9.900000,0.000000,3,3,3,3,4,5,10,76,180,240,240,2155,0,3,4.4836917721358205,1.0746330008259974,238.6359709998942,132.877030162413
1783598466,38,,Aggregated,10.900000,0.000000,3,3,3,3,4,5,10,76,180,240,240,2161,0,3,4.478973409511389,1.0746330008259974,238.6359709998942,132.87459509486348
1783598467,38,,Aggregated,11.200000,0.000000,3,3,3,3,4,5,10,76,180,240,240,2175,0,3,4.467949085957879,1.0746330008259974,238.6359709998942,132.86896551724138
1783598468,38,,Aggregated,11.000000,0.000000,3,3,3,3,4,5,10,76,180,240,240,2187,0,3,4.458604042046579,1.0746330008259974,238.6359709998942,132.8641975308642
1783598469,38,,Aggregated,10.800000,0.000000,3,3,3,3,4,5,10,76,180,240,240,2193,0,3,4.4548086082804925,1.0746330008259974,238.6359709998942,132.86183310533517
1783598470,38,,Aggregated,11.100000,0.000000,3,3,3,3,4,5,9,75,180,240,240,2204,0,3,4.445731446441753,1.0746330008259974,238.6359709998942,132.85753176043556
1783598471,38,,Aggregated,11.200000,0.000000,3,3,3,3,4,5,9,75,180,240,240,2217,0,3,4.435127478107455,1.0746330008259974,238.6359709998942,132.85250338294992
1783598472,38,,Aggregated,10.600000,0.000000,3,3,3,3,4,5,9,75,180,240,240,2223,0,3,4.432409319822752,1.0746330008259974,238.6359709998942,132.8502024291498
1783598473,38,,Aggregated,10.500000,0.000000,3,3,3,3,4,5,9,75,180,240,240,2236,0,3,4.42335491769457,1.0746330008259974,238.6359709998942,132.845259391771
1783598474,38,,Aggregated,10.700000,0.000000,3,3,3,3,4,5,9,75,180,240,240,2246,0,3,4.416425898474835,1.0746330008259974,238.6359709998942,132.84149599287622
1783598475,38,,Aggregated,10.800000,0.000000,3,3,3,3,4,5,8,75,180,240,240,2253,0,3,4.411333734563531,1.0746330008259974,238.6359709998942,132.83888149134486
1783598476,38,,Aggregated,10.600000,0.000000,3,3,3,3,4,5,8,75,180,240,240,2268,0,3,4.398154022910635,1.0746330008259974,238.6359709998942,132.83333333333334
1783598477,38,,Aggregated,10.200000,0.000000,3,3,3,3,4,5,8,75,180,240,240,2282,0,3,4.3864995359168315,1.0746330008259974,238.6359709998942,132.82822085889572
1783598478,38,,Aggregated,10.400000,0.000000,3,3,3,3,4,5,8,75,180,240,240,2290,0,3,4.380350495182731,1.0746330008259974,238.6359709998942,132.82532751091702
1783598479,38,,Aggregated,10.500000,0.000000,3,3,3,3,4,5,8,75,180,240,240,2297,0,3,4.374907906821253,1.0746330008259974,238.6359709998942,132.82281236395298
1783598480,38,,Aggregated,10.500000,0.000000,3,3,3,3,4,5,8,73,180,240,240,2308,0,3,4.366385979622652,1.0746330008259974,238.6359709998942,132.81889081455805
1783598481,38,,Aggregated,10.200000,0.000000,3,3,3,3,4,5,8,73,180,240,240,2321,0,3,4.355770776807861,1.0746330008259974,238.6359709998942,132.8143041792331
1783598482,38,,Aggregated,10.400000,0.000000,3,3,3,3,4,5,8,73,180,240,240,2328,0,3,4.352940065281164,1.0746330008259974,238.6359709998942,132.81185567010309
1783598483,38,,Aggregated,10.600000,0.000000,3,3,3,3,4,5,8,73,180,240,240,2341,0,3,4.3439216723485,1.0746330008259974,238.6359709998942,132.807347287484
1783598484,38,,Aggregated,10.500000,0.000000,3,3,3,3,4,5,8,73,180,240,240,2350,0,3,4.3393376701962865,1.0746330008259974,238.6359709998942,132.80425531914895
1783598485,38,,Aggregated,10.300000,0.000000,3,3,3,3,4,5,8,73,180,240,240,2359,0,3,4.333568123765656,1.0746330008259974,238.6359709998942,132.80118694362017
1783598486,38,,Aggregated,10.200000,0.000000,3,3,3,3,4,5,8,73,180,240,240,2376,0,3,4.319016026500823,1.0746330008259974,238.6359709998942,132.79545454545453
1783598487,38,,Aggregated,10.200000,0.000000,3,3,3,3,4,5,8,73,180,240,240,2387,0,3,4.311589317958644,1.0746330008259974,238.6359709998942,132.79178885630498
1783598488,38,,Aggregated,10.200000,0.000000,3,3,3,3,4,5,8,73,180,240,240,2397,0,3,4.304418943665245,1.0746330008259974,238.6359709998942,132.78848560700877
1783598489,38,,Aggregated,11.000000,0.000000,3,3,3,3,4,5,8,73,180,240,240,2405,0,3,4.3005803060126,1.0746330008259974,238.6359709998942,132.78586278586278
1783598490,38,,Aggregated,10.700000,0.000000,3,3,3,3,4,5,8,73,180,240,240,2419,0,3,4.292038661000467,1.0746330008259974,238.6359709998942,132.78131459280695
1783598491,38,,Aggregated,10.700000,0.000000,3,3,3,3,4,5,8,73,180,240,240,2433,0,3,4.282835552796382,1.0746330008259974,238.6359709998942,132.77681874229347
1783598492,38,,Aggregated,10.900000,0.000000,3,3,3,3,4,5,8,73,180,240,240,2439,0,3,4.278853511667454,1.0746330008259974,238.6359709998942,132.7749077490775
1783598493,38,,Aggregated,11.000000,0.000000,3,3,3,3,4,5,8,73,180,240,240,2447,0,3,4.273690139338899,1.0746330008259974,238.6359709998942,132.77237433592154
1783598494,38,,Aggregated,11.100000,0.000000,3,3,3,3,4,5,8,73,180,240,240,2461,0,3,4.26397052172251,1.0746330008259974,238.6359709998942,132.76798049573344
1783598495,38,,Aggregated,11.000000,0.000000,3,3,3,3,4,5,8,73,180,240,240,2472,0,3,4.258314393996958,1.0746330008259974,238.6359709998942,132.76456310679612
1783598496,38,,Aggregated,10.600000,0.000000,3,3,3,3,4,5,8,73,180,240,240,2483,0,3,4.250473374533057,1.0746330008259974,238.6359709998942,132.7611759967781
1783598497,38,,Aggregated,11.200000,0.000000,3,3,3,3,4,5,8,73,180,240,240,2495,0,3,4.243056189164951,1.0746330008259974,238.6359709998942,132.75751503006012
1783598498,43,,Aggregated,11.300000,0.000000,3,3,3,3,4,5,8,72,180,240,240,2512,0,3,4.3574117253098565,1.0746330008259974,238.6359709998942,132.85230891719746
1783598499,46,,Aggregated,10.300000,0.000000,3,3,3,3,4,5,12,72,180,240,240,2532,0,3,4.406661961676822,1.0746330008259974,238.6359709998942,132.90481832543443
1783598500,46,,Aggregated,11.700000,0.000000,3,3,3,3,4,5,12,72,180,240,240,2543,0,3,4.39911159849562,1.0746330008259974,238.6359709998942,132.9009044435706
1783598501,46,,Aggregated,12.400000,0.000000,3,3,3,3,4,5,10,72,180,240,240,2560,0,3,4.385869994520419,1.0746330008259974,238.6359709998942,132.894921875
1783598502,46,,Aggregated,12.400000,0.000000,3,3,3,3,4,5,10,72,180,240,240,2569,0,3,4.38098476020606,1.0746330008259974,238.6359709998942,132.89178668742701
1783598503,46,,Aggregated,12.400000,0.000000,3,3,3,3,4,5,10,72,180,240,240,2584,0,3,4.373605296428655,1.0746330008259974,238.6359709998942,132.88660990712074
1783598504,46,,Aggregated,12.600000,0.000000,3,3,3,3,4,5,10,72,180,240,240,2598,0,3,4.363374282130449,1.0746330008259974,238.6359709998942,132.88183217859893
1783598505,46,,Aggregated,13.000000,0.000000,3,3,3,3,4,5,9,69,180,240,240,2611,0,3,4.3555752451062695,1.0746330008259974,238.6359709998942,132.87744159325928
1783598506,46,,Aggregated,13.900000,0.000000,3,3,3,3,4,5,9,69,180,240,240,2620,0,3,4.349278414872775,1.0746330008259974,238.6359709998942,132.87442748091604
1783598507,46,,Aggregated,13.700000,0.000000,3,3,3,3,4,5,9,69,180,240,240,2634,0,3,4.339403275238042,1.0746330008259974,238.6359709998942,132.86977980258163
1783598508,46,,Aggregated,13.900000,0.000000,3,3,3,3,4,5,9,69,180,240,240,2644,0,3,4.333479447419826,1.0746330008259974,238.6359709998942,132.86649016641454
1783598509,46,,Aggregated,14.000000,0.000000,3,3,3,3,4,5,8,69,180,240,240,2659,0,3,4.324852684084714,1.0746330008259974,238.6359709998942,132.8616021060549
1783598510,46,,Aggregated,13.000000,0.000000,3,3,3,3,4,5,8,69,180,240,240,2672,0,3,4.316063010100026,1.0746330008259974,238.6359709998942,132.8574101796407
1783598511,46,,Aggregated,12.500000,0.000000,3,3,3,3,4,5,8,69,180,240,240,2690,0,3,4.30497233568578,1.0746330008259974,238.6359709998942,132.85167286245354
1783598512,46,,Aggregated,12.900000,0.000000,3,3,3,3,4,5,8,69,180,240,240,2695,0,3,4.302025412984229,1.0746330008259974,238.6359709998942,132.85009276437847
1783598513,46,,Aggregated,13.000000,0.000000,3,3,3,3,4,5,8,66,180,240,240,2711,0,3,4.292717811875029,1.0746330008259974,238.6359709998942,132.84507561785318
1783598514,46,,Aggregated,13.000000,0.000000,3,3,3,3,4,5,8,66,180,240,240,2727,0,3,4.282311674365434,1.0746330008259974,238.6359709998942,132.84011734506785
1783598515,46,,Aggregated,12.800000,0.000000,3,3,3,3,4,5,8,66,180,240,240,2739,0,3,4.275541603503374,1.0746330008259974,238.6359709998942,132.83643665571375
1783598516,46,,Aggregated,12.500000,0.000000,3,3,3,3,4,5,8,66,180,240,240,2749,0,3,4.26933231283752,1.0746330008259974,238.6359709998942,132.83339396144052
1783598517,46,,Aggregated,13.000000,0.000000,3,3,3,3,4,5,8,66,180,240,240,2760,0,3,4.266044725356577,1.0746330008259974,238.6359709998942,132.83007246376812
1783598518,46,,Aggregated,12.800000,0.000000,3,3,3,3,4,5,8,66,180,240,240,2776,0,3,4.255611990267703,1.0746330008259974,238.6359709998942,132.82528818443805
1783598519,46,,Aggregated,12.900000,0.000000,3,3,3,3,4,5,8,66,180,240,240,2789,0,3,4.251922155963153,1.0746330008259974,238.6359709998942,132.82144137683758
1783598520,46,,Aggregated,12.700000,0.000000,3,3,3,3,4,5,8,66,180,240,240,2799,0,3,4.2484831914906005,1.0746330008259974,238.6359709998942,132.8185066095034
1783598521,46,,Aggregated,13.200000,0.000000,3,3,3,3,4,5,8,64,180,240,240,2815,0,3,4.2392421232631134,1.0746330008259974,238.6359709998942,132.81385435168738
1783598522,46,,Aggregated,12.800000,0.000000,3,3,3,3,4,5,8,64,180,240,240,2827,0,3,4.2316562256760335,1.0746330008259974,238.6359709998942,132.8103997170145
1783598523,46,,Aggregated,12.700000,0.000000,3,3,3,3,4,5,8,64,180,240,240,2838,0,3,4.225332881249285,1.0746330008259974,238.6359709998942,132.80725863284002
1783598524,46,,Aggregated,12.600000,0.000000,3,3,3,3,4,5,8,64,180,240,240,2850,0,3,4.217257036137182,1.0746330008259974,238.6359709998942,132.8038596491228
1783598525,46,,Aggregated,13.000000,0.000000,3,3,3,3,4,5,8,64,180,240,240,2861,0,3,4.211638244666124,1.0746330008259974,238.6359709998942,132.80076896190144
1783598526,46,,Aggregated,12.900000,0.000000,3,3,3,3,4,5,8,64,180,240,240,2878,0,3,4.202827045167252,1.0746330008259974,238.6359709998942,132.79603891591384
1783598527,46,,Aggregated,12.300000,0.000000,3,3,3,3,4,5,8,64,180,240,240,2887,0,3,4.196939597505347,1.0746330008259974,238.6359709998942,132.79355732594388
1783598528,46,,Aggregated,12.700000,0.000000,3,3,3,3,4,5,8,64,180,240,240,2901,0,3,4.19006169113831,1.0746330008259974,238.6359709998942,132.7897276801103
1783598529,46,,Aggregated,13.000000,0.000000,3,3,3,3,4,5,8,64,180,240,240,2918,0,3,4.1805485315263775,1.0746330008259974,238.6359709998942,132.78512679917753
1783598530,46,,Aggregated,12.700000,0.000000,3,3,3,3,4,5,8,64,180,240,240,2929,0,3,4.1750808159780535,1.0746330008259974,238.6359709998942,132.78217821782178
1783598531,46,,Aggregated,12.600000,0.000000,3,3,3,3,4,5,8,64,180,240,240,2944,0,3,4.169429033969831,1.0746330008259974,238.6359709998942,132.7781929347826
1783598532,46,,Aggregated,13.000000,0.000000,3,3,3,3,4,5,8,64,180,240,240,2959,0,3,4.161067678949525,1.0746330008259974,238.6359709998942,132.77424805677595
1783598533,46,,Aggregated,12.700000,0.000000,3,3,3,3,4,5,8,64,180,240,240,2971,0,3,4.154496965669783,1.0746330008259974,238.6359709998942,132.77112083473577
1783598534,46,,Aggregated,13.200000,0.000000,3,3,3,3,4,5,8,64,180,240,240,2982,0,3,4.148597830988512,1.0746330008259974,238.6359709998942,132.76827632461436
1783598535,46,,Aggregated,13.200000,0.000000,3,3,3,3,4,5,8,64,180,240,240,2996,0,3,4.140829740990569,1.0746330008259974,238.6359709998942,132.76468624833112
1783598536,46,,Aggregated,13.400000,0.000000,3,3,3,3,4,5,8,64,160,240,240,3012,0,3,4.132609355580462,1.0746330008259974,238.6359709998942,132.76062416998673
1783598537,46,,Aggregated,13.300000,0.000000,3,3,3,3,4,5,8,64,160,240,240,3024,0,3,4.126739324410135,1.0746330008259974,238.6359709998942,132.75760582010582
1783598538,46,,Aggregated,13.000000,0.000000,3,3,3,3,4,5,8,64,160,240,240,3036,0,3,4.120845516472197,1.0746330008259974,238.6359709998942,132.75461133069828
1783598539,46,,Aggregated,13.000000,0.000000,3,3,3,3,4,5,8,64,160,240,240,3049,0,3,4.113609802558651,1.0746330008259974,238.6359709998942,132.75139389963923
1783598540,46,,Aggregated,13.400000,0.000000,3,3,3,3,4,5,8,64,160,240,240,3064,0,3,4.10542678133073,1.0746330008259974,238.6359709998942,132.74771540469973
1783598541,46,,Aggregated,13.200000,0.000000,3,3,3,3,4,5,8,64,160,240,240,3079,0,3,4.098973803506705,1.0746330008259974,238.6359709998942,132.74407275089314
1783598542,46,,Aggregated,13.300000,0.000000,3,3,3,3,4,5,8,64,160,240,240,3091,0,3,4.093554332574818,1.0746330008259974,238.6359709998942,132.7411840828211
1783598543,46,,Aggregated,13.500000,0.000000,3,3,3,3,4,5,8,63,160,240,240,3106,0,3,4.085876989690797,1.0746330008259974,238.6359709998942,132.73760463618802
1783598544,46,,Aggregated,13.200000,0.000000,3,3,3,3,4,5,8,63,160,240,240,3119,0,3,4.079339311628333,1.0746330008259974,238.6359709998942,132.7345302981725
1783598545,46,,Aggregated,13.300000,0.000000,3,3,3,3,4,5,8,63,160,240,240,3134,0,3,4.072175601457324,1.0746330008259974,238.6359709998942,132.73101467772815
1783598546,46,,Aggregated,13.100000,0.000000,3,3,3,3,4,5,8,63,160,240,240,3139,0,3,4.070590846756536,1.0746330008259974,238.6359709998942,132.72985027078687
1783598547,46,,Aggregated,13.600000,0.000000,3,3,3,3,4,5,7,63,160,240,240,3160,0,3,4.063405714547531,1.0746330008259974,238.6359709998942,132.725
1783598548,46,,Aggregated,13.600000,0.000000,3,3,3,3,4,5,7,63,160,240,240,3171,0,3,4.058213509295735,1.0746330008259974,238.6359709998942,132.72248502049825
1783598549,46,,Aggregated,12.800000,0.000000,3,3,3,3,4,5,7,63,160,240,240,3182,0,3,4.052465735377897,1.0746330008259974,238.6359709998942,132.71998742928974
1783598550,46,,Aggregated,13.900000,0.000000,3,3,3,3,4,5,7,61,160,240,240,3201,0,3,4.04397293188793,1.0746330008259974,238.6359709998942,132.71571383942518
1783598551,46,,Aggregated,13.500000,0.000000,3,3,3,3,4,5,7,61,160,240,240,3210,0,3,4.040457679119162,1.0746330008259974,238.6359709998942,132.71370716510904
1783598552,46,,Aggregated,12.900000,0.000000,3,3,3,3,4,5,7,61,160,240,240,3221,0,3,4.035031286236179,1.0746330008259974,238.6359709998942,132.71126979199008
1783598553,46,,Aggregated,13.700000,0.000000,3,3,3,3,4,5,7,61,160,240,240,3239,0,3,4.027128751151496,1.0746330008259974,238.6359709998942,132.70731707317074
1783598554,46,,Aggregated,13.100000,0.000000,3,3,3,3,4,5,7,61,160,240,240,3248,0,3,4.023683422717332,1.0746330008259974,238.6359709998942,132.70535714285714
1783598555,46,,Aggregated,13.200000,0.000000,3,3,3,3,4,5,7,61,160,240,240,3264,0,3,4.016304563721156,1.0746330008259974,238.6359709998942,132.70189950980392
1783598556,46,,Aggregated,13.400000,0.000000,3,3,3,3,4,5,7,61,160,240,240,3278,0,3,4.008728892308623,1.0746330008259974,238.6359709998942,132.69890176937156
1783598557,46,,Aggregated,12.800000,0.000000,3,3,3,3,4,5,7,61,160,240,240,3287,0,3,4.004969528442981,1.0746330008259974,238.6359709998942,132.6969881350776
1783598558,51,,Aggregated,13.000000,0.000000,3,3,3,3,4,5,8,64,160,240,240,3311,0,3,4.112091860157915,1.0746330008259974,238.6359709998942,132.7674418604651
1783598559,54,,Aggregated,13.900000,0.000000,3,3,3,3,4,5,8,64,160,240,240,3335,0,3,4.14675176431412,1.0746330008259974,238.6359709998942,132.8071964017991
1783598560,54,,Aggregated,13.100000,0.000000,3,3,3,3,4,5,8,64,160,240,240,3343,0,3,4.142727615610955,1.0746330008259974,238.6359709998942,132.80526473227638
1783598561,54,,Aggregated,14.500000,0.000000,3,3,3,3,4,5,8,64,160,240,240,3363,0,3,4.136087273854731,1.0746330008259974,238.6359709998942,132.8004757656854
1783598562,54,,Aggregated,15.300000,0.000000,3,3,3,3,4,5,8,64,160,240,240,3377,0,3,4.130399420482217,1.0746330008259974,238.6359709998942,132.79715724015398
1783598563,54,,Aggregated,14.100000,0.000000,3,3,3,3,4,5,8,64,160,240,240,3388,0,3,4.1255514111495675,1.0746330008259974,238.6359709998942,132.79456906729635
1783598564,54,,Aggregated,15.200000,0.000000,3,3,3,3,4,5,8,63,160,240,240,3403,0,3,4.118655377893771,1.0746330008259974,238.6359709998942,132.79106670584778
1783598565,54,,Aggregated,15.300000,0.000000,3,3,3,3,4,5,8,63,160,240,240,3422,0,3,4.110173399469091,1.0746330008259974,238.6359709998942,132.7866744593805
1783598566,54,,Aggregated,14.900000,0.000000,3,3,3,3,4,5,8,63,160,240,240,3440,0,3,4.101676878196464,1.0746330008259974,238.6359709998942,132.78255813953487
1783598567,54,,Aggregated,15.600000,0.000000,3,3,3,3,4,5,8,63,160,240,240,3453,0,3,4.095746118157126,1.0746330008259974,238.6359709998942,132.77961193165365
1783598568,54,,Aggregated,16.100000,0.000000,3,3,3,3,4,5,8,63,160,240,240,3469,0,3,4.088058888439535,1.0746330008259974,238.6359709998942,132.7760161429807
1783598569,54,,Aggregated,16.200000,0.000000,3,3,3,3,4,5,8,63,160,240,240,3481,0,3,4.082561898305028,1.0746330008259974,238.6359709998942,132.77334099396725
1783598570,54,,Aggregated,15.900000,0.000000,3,3,3,3,4,5,8,62,160,240,240,3504,0,3,4.071731149546286,1.0746330008259974,238.6359709998942,132.76826484018264
1783598571,54,,Aggregated,15.300000,0.000000,3,3,3,3,4,5,8,62,160,240,240,3520,0,3,4.065835659378081,1.0746330008259974,238.6359709998942,132.7647727272727
1783598572,54,,Aggregated,14.600000,0.000000,3,3,3,3,4,5,8,62,160,240,240,3530,0,3,4.06143634844463,1.0746330008259974,238.6359709998942,132.76260623229462
1783598573,54,,Aggregated,16.300000,0.000000,3,3,3,3,4,5,8,62,160,240,240,3543,0,3,4.0554485848191115,1.0746330008259974,238.6359709998942,132.75980807225514
1783598574,54,,Aggregated,15.800000,0.000000,3,3,3,3,4,5,8,62,160,240,240,3565,0,3,4.050627951195129,1.0746330008259974,238.6359709998942,132.75511921458624
1783598575,54,,Aggregated,15.300000,0.000000,3,3,3,3,4,5,8,62,160,240,240,3578,0,3,4.045018415320018,1.0746330008259974,238.6359709998942,132.75237562884294
1783598576,54,,Aggregated,15.500000,0.000000,3,3,3,3,4,5,8,62,160,240,240,3588,0,3,4.040772756973414,1.0746330008259974,238.6359709998942,132.75027870680046
1783598577,54,,Aggregated,16.200000,0.000000,3,3,3,3,4,5,7,61,160,240,240,3603,0,3,4.036357156264404,1.0746330008259974,238.6359709998942,132.74715514848737
1783598578,54,,Aggregated,15.300000,0.000000,3,3,3,3,4,5,7,61,160,240,240,3623,0,3,4.028651336467261,1.0746330008259974,238.6359709998942,132.74303063759317
1783598579,54,,Aggregated,14.800000,0.000000,3,3,3,3,4,5,7,61,160,240,240,3638,0,3,4.025940385659174,1.0746330008259974,238.6359709998942,132.73996701484333
1783598580,54,,Aggregated,15.100000,0.000000,3,3,3,3,4,5,7,61,160,240,240,3648,0,3,4.02248075357049,1.0746330008259974,238.6359709998942,132.73793859649123
1783598581,54,,Aggregated,15.500000,0.000000,3,3,3,3,4,5,7,61,160,240,240,3666,0,3,4.0155314552716055,1.0746330008259974,238.6359709998942,132.73431533006
1783598582,54,,Aggregated,15.700000,0.000000,3,3,3,3,4,5,7,61,160,240,240,3682,0,3,4.009005794683165,1.0746330008259974,238.6359709998942,132.73112438891906
1783598583,54,,Aggregated,14.200000,0.000000,3,3,3,3,4,5,7,61,160,240,240,3699,0,3,4.001683947020037,1.0746330008259974,238.6359709998942,132.72776426061097
1783598584,54,,Aggregated,14.500000,0.000000,3,3,3,3,4,5,7,61,160,240,240,3709,0,3,3.99816561122423,1.0746330008259974,238.6359709998942,132.72580210299273
1783598585,54,,Aggregated,15.300000,0.000000,3,3,3,3,4,5,7,61,160,240,240,3725,0,3,3.992326234905057,1.0746330008259974,238.6359709998942,132.72268456375838
1783598586,54,,Aggregated,15.500000,0.000000,3,3,3,3,4,5,7,61,160,240,240,3741,0,3,3.9859654135315257,1.0746330008259974,238.6359709998942,132.71959369152634
1783598587,54,,Aggregated,14.200000,0.000000,3,3,3,3,4,5,7,61,160,240,240,3757,0,3,3.9810695464516273,1.0746330008259974,238.6359709998942,132.71652914559488
1783598588,54,,Aggregated,14.900000,0.000000,3,3,3,3,4,5,7,61,160,240,240,3779,0,3,3.9727512056114462,1.0746330008259974,238.6359709998942,132.71235776660492
1783598589,54,,Aggregated,15.200000,0.000000,3,3,3,3,4,5,7,61,160,240,240,3793,0,3,3.967025213288741,1.0746330008259974,238.6359709998942,132.70972844713947
1783598590,54,,Aggregated,15.500000,0.000000,3,3,3,3,4,5,7,61,160,240,240,3803,0,3,3.964635379440226,1.0746330008259974,238.6359709998942,132.70786221404154
1783598591,54,,Aggregated,15.500000,0.000000,3,3,3,3,4,5,7,61,160,240,240,3821,0,3,3.95969466213485,1.0746330008259974,238.6359709998942,132.70452761057314
1783598592,54,,Aggregated,15.500000,0.000000,3,3,3,3,4,5,7,61,160,240,240,3840,0,3,3.954544932554427,1.0746330008259974,238.6359709998942,132.70104166666667
1783598593,54,,Aggregated,15.500000,0.000000,3,3,3,3,4,5,7,61,160,240,240,3854,0,3,3.950086420086886,1.0746330008259974,238.6359709998942,132.69849507005708
1783598594,54,,Aggregated,15.600000,0.000000,3,3,3,3,4,5,7,61,160,240,240,3868,0,3,3.94465704964215,1.0746330008259974,238.6359709998942,132.69596690796277
1783598595,54,,Aggregated,15.700000,0.000000,3,3,3,3,4,5,7,61,160,240,240,3887,0,3,3.938437210708265,1.0746330008259974,238.6359709998942,132.6925649601235
1783598596,54,,Aggregated,15.500000,0.000000,3,3,3,3,4,5,7,60,160,240,240,3901,0,3,3.9323343168457017,1.0746330008259974,238.6359709998942,132.69007946680338
1783598597,54,,Aggregated,16.100000,0.000000,3,3,3,3,4,5,7,60,160,240,240,3917,0,3,3.9281084054188296,1.0746330008259974,238.6359709998942,132.68726065866736
1783598598,54,,Aggregated,16.100000,0.000000,3,3,3,3,4,5,7,60,160,240,240,3928,0,3,3.9246552833557127,1.0746330008259974,238.6359709998942,132.68533604887983
1783598599,54,,Aggregated,16.300000,0.000000,3,3,3,3,4,5,7,60,160,240,240,3950,0,3,3.9163310863318945,1.0746330008259974,238.6359709998942,132.68151898734178
1783598600,54,,Aggregated,15.800000,0.000000,3,3,3,3,4,5,7,60,160,240,240,3959,0,3,3.9133743175069626,1.0746330008259974,238.6359709998942,132.67996968931547
1783598601,54,,Aggregated,14.800000,0.000000,3,3,3,3,4,5,7,60,160,240,240,3975,0,3,3.9081609733345988,1.0746330008259974,238.6359709998942,132.6772327044025
1783598602,54,,Aggregated,15.700000,0.000000,3,3,3,3,4,5,7,60,160,240,240,3992,0,3,3.9026641593199694,1.0746330008259974,238.6359709998942,132.67434869739478
1783598603,54,,Aggregated,15.700000,0.000000,3,3,3,3,4,5,7,60,140,240,240,4007,0,3,3.899266902172897,1.0746330008259974,238.6359709998942,132.67182430746195
1783598604,54,,Aggregated,15.400000,0.000000,3,3,3,3,4,5,7,60,140,240,240,4023,0,3,3.894328643303437,1.0746330008259974,238.6359709998942,132.66915237385035
1783598605,54,,Aggregated,15.400000,0.000000,3,3,3,3,4,5,7,60,140,240,240,4042,0,3,3.888735351807655,1.0746330008259974,238.6359709998942,132.66600692726374
1783598606,54,,Aggregated,15.300000,0.000000,3,3,3,3,4,5,7,60,140,240,240,4052,0,3,3.885346281590424,1.0746330008259974,238.6359709998942,132.66436327739387
1783598607,54,,Aggregated,15.300000,0.000000,3,3,3,3,4,5,7,60,140,240,240,4073,0,3,3.880247561750821,1.0746330008259974,238.6359709998942,132.66093788362386
1783598608,54,,Aggregated,15.600000,0.000000,3,3,3,3,4,5,7,60,140,240,240,4085,0,3,3.8761935094249966,1.0746330008259974,238.6359709998942,132.6589963280294
1783598609,54,,Aggregated,15.000000,0.000000,3,3,3,3,4,5,7,59,140,240,240,4105,0,3,3.8702479152229525,1.0746330008259974,238.6359709998942,132.6557856272838
1783598610,54,,Aggregated,15.600000,0.000000,3,3,3,3,4,5,7,59,140,240,240,4120,0,3,3.865817805336581,1.0746330008259974,238.6359709998942,132.65339805825244
1783598611,54,,Aggregated,15.700000,0.000000,3,3,3,3,4,5,7,59,140,240,240,4134,0,3,3.861408381466417,1.0746330008259974,238.6359709998942,132.65118529269472
1783598612,54,,Aggregated,15.600000,0.000000,3,3,3,3,4,5,7,59,140,240,240,4152,0,3,3.8558045963337975,1.0746330008259974,238.6359709998942,132.64836223506742
1783598613,54,,Aggregated,16.000000,0.000000,3,3,3,3,4,5,7,59,140,240,240,4166,0,3,3.8505906291370837,1.0746330008259974,238.6359709998942,132.6461833893423
1783598614,54,,Aggregated,15.800000,0.000000,3,3,3,3,4,5,7,59,140,240,240,4180,0,3,3.8457608751162877,1.0746330008259974,238.6359709998942,132.644019138756
1783598615,54,,Aggregated,15.800000,0.000000,3,3,3,3,4,5,7,59,140,240,240,4199,0,3,3.8391497380268866,1.0746330008259974,238.6359709998942,132.64110502500594
1783598616,54,,Aggregated,15.900000,0.000000,3,3,3,3,4,5,7,59,140,240,240,4216,0,3,3.83418944686155,1.0746330008259974,238.6359709998942,132.63851992409866
1783598617,54,,Aggregated,15.700000,0.000000,3,3,3,3,4,5,7,59,140,240,240,4228,0,3,3.830590163902399,1.0746330008259974,238.6359709998942,132.63670766319774
